№п/п;Область;Індекс дороги;Назва дороги;Початок ділянки КМ+м;Кінець ділянки КМ+м;GPS-координати, початок (широта/довгота);GPS-координати, кінець (широта/довгота);Коефіцієнт пригод;Ступінь небезпеки;Кількість ДТП за три роки до взяття на облік
1;Вінницька;М-30 ;Стрий - Умань - Дніпро - Ізварине (через мм. Вінницю, Кропивницький);351+200 ;351+600;49.339347, 28.063269;49.336843 28.067053;0,5;Малонебезпечні;8
2;Вінницька;М-30 ;Стрий - Умань - Дніпро - Ізварине (через мм. Вінницю, Кропивницький);367+560;367+761;49.279056, 28.256072;49.279571 28.258492;0,36;null;5
3;Вінницька;М-30 ;Стрий - Умань - Дніпро - Ізварине (через мм. Вінницю, Кропивницький);404+184;404+705;49.205131, 28.602508;49.202560 28.608274 ;0,71;Малонебезпечні;10
4;Вінницька;М-30 ;Стрий - Умань - Дніпро - Ізварине (через мм. Вінницю, Кропивницький);406+904;407+300;49.192665, 28.634312;49.190407 28.638263;0,44;Малонебезпечні;6
5;Вінницька;М-30 ;Стрий - Умань - Дніпро - Ізварине (через мм. Вінницю, Кропивницький);490+918;490+918  ;48.80938066, 29.40591751;48.80938066 29.40591751;0,31;null;4
6;Волинська;М-19;Доманове – Ковель – Чернівці – Тереблече (на м. Бухарест);154+650;155+170;50.776364, 25.397880;50.765223, 25.399972;0,76;Малонебезпечні;8
7;Волинська;М-19;Доманове – Ковель – Чернівці – Тереблече (на м. Бухарест);155+590;155+608;50.761070, 25.400219;50.76109699, 25.40002785;0,67;Малонебезпечні;7
8;Волинська;Н-22;Устилуг – Луцьк – Рівне;98+000;98+100;50.7485417,25.4507788;50.7486267,25.4520991;0,18;null;4
9;Волинська;Р-15;Р-15 Ковель – Володимир-Волинський – Червоноград – Жовква;74+265 ;74+422;50.74250889625,24.1587619475;50.74174762,24.15691358;0,25;null;4
10;Волинська;Р-15;Р-15 Ковель – Володимир-Волинський – Червоноград – Жовква;75+861 ;76+651;50.72963678,24.15133179;50.72317796,24.15487657;0,44;Малонебезпечні;7
11;Дніпропетровська ;М-30;Стрий - Умань - Дніпро - Ізварине (через мм. Вінницю, Кропивницький);916+000;916+880;48.30427755, 34.41340717;48.3089691535, 34.422858778000005;0,42;Малонебезпечні;6
12;Дніпропетровська ;М-30;Стрий - Умань - Дніпро - Ізварине (через мм. Вінницю, Кропивницький);956+289 ;956+389;48.4210925,34.9133945;48.4210925,34.9147185;0,23;null;5
13;Дніпропетровська ;М-30;Стрий - Умань - Дніпро - Ізварине (через мм. Вінницю, Кропивницький);985+507;985+668;48.564897, 35.100921;48,566271, 35.101554;1,1;Небезпечні;13
14;Дніпропетровська ;М-30;Стрий - Умань - Дніпро - Ізварине (через мм. Вінницю, Кропивницький);987+289 ;987+489;48.5767266,35.11615;48.5777375,35.1183648;0,23;null;5
15;Дніпропетровська ;М-30;Стрий - Умань - Дніпро - Ізварине (через мм. Вінницю, Кропивницький);990+000;990+680;48.58796022, 35.1486402;48.591399392, 35.156550071;0,28;null;4
16;Дніпропетровська ;М-30;Стрий - Умань - Дніпро - Ізварине (через мм. Вінницю, Кропивницький);1036+000;1036+200;48.55663012, 35.7326967;48.556028846, 35.735473938000005;0,41;Малонебезпечні;5
17;Дніпропетровська ;М-30;Стрий - Умань - Дніпро - Ізварине (через мм. Вінницю, Кропивницький);1041+400;1042+100;48.53972768, 35.800678489999996;48.536960541999996, 35.8091848565;0,32;null;4
18;Дніпропетровська ;М-30;Стрий - Умань - Дніпро - Ізварине (через мм. Вінницю, Кропивницький);1095+450;1095+543;48.4245012055, 36.413105651;48.42512673, 36.41420223;0,42;Малонебезпечні;5
19;Дніпропетровська ;М-30;Стрий - Умань - Дніпро - Ізварине (через мм. Вінницю, Кропивницький);1099+300;1099+550;48.4328426, 364633821;48.4331079, 364664663;0,34;null;4
20;Дніпропетровська ;М-30;Стрий - Умань - Дніпро - Ізварине (через мм. Вінницю, Кропивницький);1100+000;1100+500;48.4336797,36.4726361;48.4344682,36.4794202;0,59;Малонебезпечні;7
21;Дніпропетровська ;М-30;Стрий - Умань - Дніпро - Ізварине (через мм. Вінницю, Кропивницький);1103+500;1104+300;48.434460371, 36.519058220999995;48.431689559411765, 36.52903563176471;0,56;Малонебезпечні;7
22;Дніпропетровська ;М-30;Стрий - Умань - Дніпро - Ізварине (через мм. Вінницю, Кропивницький);1117+700;1118+300;48.3916312275, 36.697719901875;48.389377584, 36.704602718500006;0,56;Малонебезпечні;7
23;Дніпропетровська ;М-30;Стрий - Умань - Дніпро - Ізварине (через мм. Вінницю, Кропивницький);1118+900;1119+090;48.387035261499996, 36.7118997765;48.386216905000005, 36.7144547245;0,32;Малонебезпечні;4
24;Дніпропетровська ;М-30;Стрий - Умань - Дніпро - Ізварине (через мм. Вінницю, Кропивницький);1024+923;1025+100;48.5864931,35.5896207;48.5861238,35.5920378;0,18;null;4
25;Дніпропетровська ;Н-08;Бориспіль – Дніпро – Запоріжжя (через м. Кременчук) – Маріуполь;422+000;423+930;48.35096958, 35.02349709;48.3339279945, 35.027251021;0,42;Малонебезпечні;8
26;Дніпропетровська ;Н-11;Дніпро – Миколаїв (через м. Кривий Ріг);0+000;0+110;48.301855,34.4088087;48.301336,34.4078783;0,54;Малонебезпечні;5
27;Дніпропетровська ;Н-11;Дніпро – Миколаїв (через м. Кривий Ріг);0+900 ;1+001;48.2965521,34.3996466;48.295361,34.3976272;0,64;Малонебезпечні;6
28;Дніпропетровська ;Н-11;Дніпро – Миколаїв (через м. Кривий Ріг);3+500;3+500;48.2811551,34.3732832;48.2811551,34.3732832;0,43;Малонебезпечні;4
29;Дніпропетровська ;Н-11;Дніпро – Миколаїв (через м. Кривий Ріг);53+900;54+400;48.038874121999996, 33.841901230000005;48.03560164058823, 33.8374709017647;0,7;Малонебезпечні;6
30;Дніпропетровська ;Н-11;Дніпро – Миколаїв (через м. Кривий Ріг);79+850;80+010;47.941294747499995, 33.537257305500006;47.940994242, 33.5351635115;0,46;Малонебезпечні;4
31;Дніпропетровська ;Н-15;Запоріжжя – Донецьк;91+050;91+350;48.004635258, 36.297015846;48.005527088, 36.300808968;0,46;Малонебезпечні;4
32;Дніпропетровська ;Н-31;Дніпро – Царичанка – Кобеляки – Решетилівка;82+350;82+600;48.93775361, 34.48449387200001;48.939417382, 34.486350153;0,43;Малонебезпечні;4
33;Дніпропетровська ;Т-04-05;Дніпро - Хутірське;0+000;0+000;48.5273497, 350835631;48.5273497, 35.0835631;0,26;null;4
34;Донецька;Т-05-14;Добропілля – Лиман;89+800;90+020;48.9475822,37.8186612;48.9478641,37.8238245;0,66;Малонебезпечні;4
35;Житомирська;М-06;Київ - Чоп (на м. Будапешт через мм. Львів, Мукачево і Ужгород);73+960 ;74+200;50.3922206, 29.5041226;50.391616, 29.5008828;0,18;null;4
36;Житомирська;М-06;Київ - Чоп (на м. Будапешт через мм. Львів, Мукачево і Ужгород);77+000;77+200;50.3844842, 29.4629690;50.3839956, 29.4603883;0,18;null;4
37;Житомирська;М-06;Київ - Чоп (на м. Будапешт через мм. Львів, Мукачево і Ужгород);79+000 ;79+200;50.3794036, 29.4360074;50.3788618, 29.4331462;0,22;null;5
38;Житомирська;М-06;Київ - Чоп (на м. Будапешт через мм. Львів, Мукачево і Ужгород);103+001 ;103+250;50.3223906, 29.1094495;50.3223214, 29.1074624;0,18;null;4
39;Житомирська;М-06;Київ - Чоп (на м. Будапешт через мм. Львів, Мукачево і Ужгород);105+700;105+900;50.3376333, 29.0849770;50.3390292, 29.0834419;0,18;null;4
40;Житомирська;М-06;Київ - Чоп (на м. Будапешт через мм. Львів, Мукачево і Ужгород);108+700 ;108+800;50.3444983, 29.0465351;50.3442686, 29.0450318;0,16;null;4
41;Житомирська;М-06;Київ - Чоп (на м. Будапешт через мм. Львів, Мукачево і Ужгород);123+000 ;123+200;50.2877951, 28.8831824;50.2877417, 28.8805172;0,2;null;5
42;Житомирська;М-06;Київ - Чоп (на м. Будапешт через мм. Львів, Мукачево і Ужгород);126+900 ;127+200;50.2867783, 28.8284589;50.2866921, 28.8242508;0,32;null;8
43;Житомирська;М-06;Київ - Чоп (на м. Будапешт через мм. Львів, Мукачево і Ужгород);139+000;139+200;50.3207394, 28.6845457;50.3212534, 28.6819677;0,29;null;4
44;Житомирська;М-06;Київ - Чоп (на м. Будапешт через мм. Львів, Мукачево і Ужгород);145+000 ;145+200;50.3261067, 28.6019486;50.3260175, 28.5991725;0,29;null;4
45;Житомирська;М-06;Київ - Чоп (на м. Будапешт через мм. Львів, Мукачево і Ужгород);146+000 ;146+500;50.3256552, 28.5879259;50.3249899, 28.5808579;0,51;Малонебезпечні;7
46;Житомирська;М-06;Київ - Чоп (на м. Будапешт через мм. Львів, Мукачево і Ужгород);156+000;156+200;50.3109009, 28.4576057;50.3114030, 28.4549172;0,29;null;5
47;Житомирська;М-06;Київ - Чоп (на м. Будапешт через мм. Львів, Мукачево і Ужгород);156+933 ;157+050;50.3132878, 28.4448533;50.314655, 28.4375328;0,24;null;4
48;Житомирська;М-06;Київ - Чоп (на м. Будапешт через мм. Львів, Мукачево і Ужгород);176+000;176+100;50.4090525, 28.2311749;50.4096678, 28.2301778;0,24;null;4
49;Житомирська;М-06;Київ - Чоп (на м. Будапешт через мм. Львів, Мукачево і Ужгород);200+100 ;200+200;50.5123118, 27.9361683;50.5127279, 27.9347585;0,32;null;4
50;Житомирська;М-06;Київ - Чоп (на м. Будапешт через мм. Львів, Мукачево і Ужгород);229+000 ;229+200;50.6184779, 27.6077273;50.6177555, 27.6050073;0,22;null;4
51;Житомирська;М-06;Київ - Чоп (на м. Будапешт через мм. Львів, Мукачево і Ужгород);230+000;230+200;50.6140687, 27.5954555;50.6131597, 27.5931817;0,22;null;4
52;Житомирська;М-06;Київ - Чоп (на м. Будапешт через мм. Львів, Мукачево і Ужгород);231+200 ;231+200;50.6067962, 27.5834042;50.6067962, 27.5834042;0,22;null;4
53;Житомирська;М-06;Київ - Чоп (на м. Будапешт через мм. Львів, Мукачево і Ужгород);232+000 ;232+200;50.6021512, 27.5748042;50.601129, 27.5723749;0,28;null;5
54;Житомирська;М-06;Київ - Чоп (на м. Будапешт через мм. Львів, Мукачево і Ужгород);250+000;250+200;50.6105160, 27.3254235;50.6106819, 27.3227299;0,28;null;5
55;Житомирська;М-07;Київ - Ковель - Ягодин (на м. Люблін);100+000 ;100+200;50.8010663, 29.3195853;50.8020834, 29.3171523;0,25;null;4
56;Житомирська;М-07;Київ - Ковель - Ягодин (на м. Люблін);140+600;140+800;50.9455093,28.7977773;50.9466073, 28.7954095;0,31;null;5
57;Житомирська;М-07;Київ - Ковель - Ягодин (на м. Люблін);151+000 ;151+200;50.9863284, 28.665636;50.9872616, 28.6630481;0,38;null;6
58;Житомирська;М-07;Київ - Ковель - Ягодин (на м. Люблін);153+000;153+200;50.9953305, 28.6409857;50.9962208, 28.6385438;0,26;null;4
59;Житомирська;М-07;Київ - Ковель - Ягодин (на м. Люблін);170+007 ;170+200;51.04617, 28.4089253;51.0441243, 28.4152148;0,25;null;4
60;Житомирська;М-21;Виступовичі - Житомир - Могилів-Подільський (через                м. Вінницю);158+010 ;158+100;50.4290075, 28.6794542;50.4290075, 28.6794542;0,26;null;4
61;Житомирська;М-21;Виступовичі - Житомир - Могилів-Подільський (через                м. Вінницю);169+000;169+150;50.3319141, 28.687627;50.3305426, 28.6873126;0,26;null;4
62;Житомирська;М-21;Виступовичі - Житомир - Могилів-Подільський (через                м. Вінницю);184+000 ;184+200;50.2234773, 28.6698258;50.2218403, 28.6690943;0,15;null;6
63;Житомирська;М-21;Виступовичі - Житомир - Могилів-Подільський (через                м. Вінницю);185+000 ;185+200;50.2148443, 28.6659284;50.2130656, 28.665117;0,28;null;6
64;Житомирська;М-21;Виступовичі - Житомир - Могилів-Подільський (через                м. Вінницю);186+000 ;186+500;50.2062116, 28.662029;50.2019292,28.6600795;0,33;null;7
65;Житомирська;М-21;Виступовичі - Житомир - Могилів-Подільський (через                м. Вінницю);187+000 ;187+200;50.1975835, 28.6581111;50.1958714, 28.6573805;0,56;Малонебезпечні;9
66;Житомирська;М-21;Виступовичі - Житомир - Могилів-Подільський (через                м. Вінницю);188+100 ;188+200;50.1877641, 28.6559129;50.1868695, 28.6558356;0,28;null;6
67;Житомирська;М-21;Виступовичі - Житомир - Могилів-Подільський (через                м. Вінницю);189+100 ;189+200;50.1788607, 28.6551295;50.1780029, 28.6550972;0,19;null;4
68;Житомирська;М-21;Виступовичі - Житомир - Могилів-Подільський (через                м. Вінницю);190+000 ;190+300;50.1708267, 28.6559639;50.1682839, 28.6549301;0,33;null;7
69;Житомирська;М-21;Виступовичі - Житомир - Могилів-Подільський (через                м. Вінницю);192+100;192+200;50.1522644, 28.6504236;50.1514622, 28.6501990;0,19;null;4
70;Житомирська;М-21;Виступовичі - Житомир - Могилів-Подільський (через                м. Вінницю);192+200 ;192+400;50.1514622, 28.6501991;50.1496236, 28.6497021;0,19;null;4
71;Житомирська;М-21;Виступовичі - Житомир - Могилів-Подільський (через                м. Вінницю);199+000;199+200;50.0906193, 28.6460610;50.0889146, 28.6461263;0,19;null;4
72;Житомирська;М-21;Виступовичі - Житомир - Могилів-Подільський (через                м. Вінницю);216+000;216+200;49.9420957, 28.6257271;49.9408246, 28.6275770;0,24;null;4
73;Житомирська;Р-18;Житомир – Попільня – Сквира – Володарка – Ставище;0+925;1+025;50.2292284, 28.6850267;50.2287858, 28.6862765;0,31;null;5
74;Житомирська;Р-18;Житомир – Попільня – Сквира – Володарка – Ставище;5+950 ;6+100;50.2078598, 28.7462181;50.2072586, 28.7480172;0,42;Малонебезпечні;4
75;Закарпатська;М-06;Київ - Чоп (на м. Будапешт через мм. Львів, Мукачево і Ужгород);786+000;786+100;48.4869530, 22.5338616 ;48.4872768, 22.5325938;0,22;null;5
76;Закарпатська;М-06;Київ - Чоп (на м. Будапешт через мм. Львів, Мукачево і Ужгород);807+000 ;807+000;48.5790133, 22.3236972;48.5790133, 22.3236972;0,19;null;4
77;Закарпатська;Н-09;Мукачево - Рахів - Богородчани - Івано-Франківськ - Рогатин - Бібрка - Львів;13+000;13+056;48.3711338 22.8245587;48.3707192 22.8249324;0,35;null;4
78;Закарпатська;Н-09;Мукачево - Рахів - Богородчани - Івано-Франківськ - Рогатин - Бібрка - Львів;15+683 ;16+428;48.3622195, 22.8576021;48.3592583, 22.8643799;0,52;Малонебезпечні;7
79;Закарпатська;Н-09;Мукачево - Рахів - Богородчани - Івано-Франківськ - Рогатин - Бібрка - Львів;99+100;99+500;48.0096710, 23.5958769;48.0094173, 23.6011743;0,62;Малонебезпечні;6
80;Закарпатська;Н-09;Мукачево - Рахів - Богородчани - Івано-Франківськ - Рогатин - Бібрка - Львів;76+040;76+200;48.1278385, 23.3599239;48.1290965, 23.3585068;0,53;Малонебезпечні;4
81;Закарпатська;Н-13;Львів – Самбір – Ужгород;229+ 001;229+239;48.6623689, 22.3648043;48.6616099, 22.3631964;0,68;Малонебезпечні;4
82;Запорізька;М-18; Харків – Сімферополь – Алушта – Ялта;318+000 ;318+150;47.6234034/35.3478607;47.6222097/35.3469817;0,15;null;4
83;Запорізька;М-18; Харків – Сімферополь – Алушта – Ялта;404+050 ;404+155;46.9001743/35.3750132;46.9034316/35.3746092;0,19;null;4
84;Запорізька;Н-15;Запоріжжя – Донецьк;11+100;11+200;47.9093962,35.3565888;47.9101246, 35.3572768;0,39;null;4
85;Івано-Франківська;Н-09;Мукачево - Рахів - Богородчани - Івано-Франківськ - Рогатин - Бібрка - Львів;235+100 ;235+400;48.4209683,24.5989414;48.423201,24.6010901;0,47;Малонебезпечні;7
86;Івано-Франківська;Н-09;Мукачево - Рахів - Богородчани - Івано-Франківськ - Рогатин - Бібрка - Львів;343+050 ;343+278;49.1486873,24.7160749;49.1472848,24.7177441;0,39;null;4
87;Івано-Франківська;Н-09;Мукачево - Рахів - Богородчани - Івано-Франківськ - Рогатин - Бібрка - Львів;382+100 ;382+119;49.4369361,24.5404902;49.4369614,24.5403707;0,59;Малонебезпечні;6
88;Івано-Франківська;Н-09;Мукачево - Рахів - Богородчани - Івано-Франківськ - Рогатин - Бібрка - Львів;386+000 ;386+100;49.4502033,24.4940772;49.4503004,24.492789;0,39;null;4
89;Івано-Франківська;Н-10;Стрий - Івано-Франківськ - Чернівці - Мамалига (на                         м. Кишинів);59+874 ;60+120;49.0053923;24.28734411;0,47;Малонебезпечні;4
90;Івано-Франківська;Н-10;Стрий - Івано-Франківськ - Чернівці - Мамалига (на                         м. Кишинів);151+700 ;152+300;48.5802883,24.9738614;48.5765417,24.9789162;0,3;null;6
91;Івано-Франківська;Н-10;Стрий - Івано-Франківськ - Чернівці - Мамалига (на                         м. Кишинів);157+000 ;157+050;48.5593315,25.0350254;48.5593315,25.0350254;0,25;null;5
92;Івано-Франківська;Н-10;Стрий - Івано-Франківськ - Чернівці - Мамалига (на                         м. Кишинів);160+000 ;160+100;48.5476876,25.0716201;48.5472609,25.0728486;0,35;null;7
93;Івано-Франківська;Н-10;Стрий - Івано-Франківськ - Чернівці - Мамалига (на                         м. Кишинів);160+850 ;161+100;48.5436788,25.081238;48.5420702,25.0836781;0,3;null;4
94;Івано-Франківська;Н-10;Стрий - Івано-Франківськ - Чернівці - Мамалига (на                         м. Кишинів);173+100 ;173+300;48.4942892,25.218913;48.4932914,25.2211382;0,32;null;4
95;Івано-Франківська;Н-10;Стрий - Івано-Франківськ - Чернівці - Мамалига (на                         м. Кишинів);180+000;180+150;48.47063828;25.29907932;0,59;Малонебезпечні;6
96;Івано-Франківська;Н-10;Стрий - Івано-Франківськ - Чернівці - Мамалига (на                         м. Кишинів);181+000 ;181+300;48.4736161,25.3118364;48.4745419,25.3157339;0,48;Малонебезпечні;6
97;Івано-Франківська;Н-10;Стрий - Івано-Франківськ - Чернівці - Мамалига (на                         м. Кишинів);193+000 ;193+200;48.4719484,25.4731153;48.4717883,25.4757555;0,39;null;4
98;Івано-Франківська;Н-18;Івано-Франківськ –– Бучач –– Тернопіль;1+000 ;1+100;48.9099207,24.7781946;48.9097885,24.7794294;0,2;null;4
99;Київська;М-01;Київ –Чернігів – Нові Яриловичі (на м. Гомель);22+000;2+200;50.4821154, 30.7790264;50.4821109, 30.7818995;0,14;null;6
100;Київська;М-01;Київ –Чернігів – Нові Яриловичі (на м. Гомель);22+900;23+450;50.4820920, 30.791447;50.482082, 30.7994476;0,21;null;9
101;Київська;М-01;Київ –Чернігів – Нові Яриловичі (на м. Гомель);24+000;24+150;50.4820666, 30.8071954;50.4820614, 30.8092826;0,09;null;4
102;Київська;М-01;Київ –Чернігів – Нові Яриловичі (на м. Гомель);27+000 ;27+700;50.496752, 30.832919;50.501804, 30.8388512;0,27;null;9
103;Київська;М-01;Київ –Чернігів – Нові Яриловичі (на м. Гомель);28+000 ;28+370;50.5042675, 30.8404041;50.5073123,30.8421832;0,21;null;7
104;Київська;М-01;Київ –Чернігів – Нові Яриловичі (на м. Гомель);36+000 ;36+000;50.5629464, 30.8374381;50.5629464, 30.8374381;0,12;null;4
105;Київська;М-01;Київ –Чернігів – Нові Яриловичі (на м. Гомель);40+000 ;40+200;50.5945438, 30.8456757;50.5960761, 30.8468701;0,15;null;5
106;Київська;М-01;Київ –Чернігів – Нові Яриловичі (на м. Гомель);42+000 ;42+056;50.6106646, 30.8581775;50.6151065, 30.861636;0,29;null;8
107;Київська;М-01;Київ –Чернігів – Нові Яриловичі (на м. Гомель);45+800 ;46+000;50.6411856, 30.8818273;50.642898, 30.883181;0,15;null;4
108;Київська;М-01;Київ –Чернігів – Нові Яриловичі (на м. Гомель);60+000 ;60+000;50.7556254, 30.9711283;50.7556254, 30.9711283;0,15;null;4
109;Київська;М-03;Київ – Харків – Довжанський (на м. Ростов-на-Дону);24+900 ;25+110;50.3885986, 30.7791466;50.3880233, 30.7817564;0,05;null;5
110;Київська;М-03;Київ – Харків – Довжанський (на м. Ростов-на-Дону);26+000 ;26+150;50.3853637, 30.7937352;50.3849182, 30.7958956;0,04;null;4
111;Київська;М-03;Київ – Харків – Довжанський (на м. Ростов-на-Дону);28+000 ;28+300;50.382256, 30.8213857;50.3818296, 30.8257547;0,06;null;6
112;Київська;М-03;Київ – Харків – Довжанський (на м. Ростов-на-Дону);29+800 ;30+000;50.379824, 30.8463909;50.3795569, 30.8491769;0,06;null;4
113;Київська;М-03;Київ – Харків – Довжанський (на м. Ростов-на-Дону);32+000 ;32+300;50.3752381, 30.8764075;50.3745092, 30.8802304;0,11;null;7
114;Київська;М-03;Київ – Харків – Довжанський (на м. Ростов-на-Дону);33+000 ;33+200;50.3726996, 30.8898789;50.3721676, 30.892629;0,13;null;4
115;Київська;М-03;Київ – Харків – Довжанський (на м. Ростов-на-Дону);89+900;90+000;50.2223746, 31.6291784;50.2219948, 31.6302402;0,17;null;4
116;Київська;М-05;Київ – Одеса;15+000 ;15+600;50.3464499, 30.4226198;50.3425176, 30.4167685;0,06;null;6
117;Київська;М-05;Київ – Одеса;16+100 ;16+300;50.3392226, 30.4118705;50.3378943, 30.4098975;0,05;null;5
118;Київська;М-05;Київ – Одеса;18+100 ;18+100;50.3257839, 30.3936513;50.3257839, 30.3936513;0,04;null;4
119;Київська;М-05;Київ – Одеса;21+001;21+100;50.3026846, 30.3724018;50.3026846, 30.3724018;0,04;null;4
120;Київська;М-05;Київ – Одеса;22+100 ;22+500;50.2963793, 30.3623438;50.293729, 30.3582954;0,08;null;8
121;Київська;М-05;Київ – Одеса;24+000 ;24+800;50.2827281, 30.3467298;50.2761533, 30.3426721;0,1;null;10
122;Київська;М-05;Київ – Одеса;25+900 ;26+140;50.2668202, 30.3374421;50.2646764, 30.3362105;0,06;null;4
123;Київська;М-05;Київ – Одеса;26+500 ;27+050;50.2623213, 30.3329898;50.2613352, 30.3191403;0,08;null;6
124;Київська;М-05;Київ – Одеса;38+800 ;39+500;50.1861449, 30.2188255;50.1799725, 30.2179571;0,12;null;6
125;Київська;М-05;Київ – Одеса;40+900 ;41+100;50.1676515, 30.22298;50.1659929, 30.2236847;0,08;null;4
126;Київська;М-05;Київ – Одеса;66+600 ;67+300;49.9488634, 30.1800265;49.9428294, 30.1815516;0,25;null;7
127;Київська;М-05;Київ – Одеса;69+900 ;70+100;49.9201698, 30.1904531;49.9184248, 30.1899484;0,13;null;4
128;Київська;М-05;Київ – Одеса;77+970 ;78+200;49.8504727, 30.1598393;49.8484118, 30.1589669;0,13;null;4
129;Київська;М-05;Київ – Одеса;94+100 ;94+200;49.7141282, 30.1963953;49.7131571, 30.1963195;0,13;null;4
130;Київська;М-06;Київ - Чоп (на м. Будапешт через мм. Львів, Мукачево і Ужгород);21+000 ;21+200;50.4471181, 30.2371631;50.4469135, 30.234288;0,19;null;6
131;Київська;М-06;Київ - Чоп (на м. Будапешт через мм. Львів, Мукачево і Ужгород);21+700;22+000;50.4464279, 30.2274300;50.4461229, 30.2231785;0,06;null;6
132;Київська;М-06;Київ - Чоп (на м. Будапешт через мм. Львів, Мукачево і Ужгород);24+800 ;25+200;50.4429972, 30.1839565;50.4425796, 30.1786487;0,12;null;10
133;Київська;М-06;Київ - Чоп (на м. Будапешт через мм. Львів, Мукачево і Ужгород);29+800 ;30+010;50.4374373, 30.1142343;50.437095, 30.1100462;0,08;null;4
134;Київська;М-06;Київ - Чоп (на м. Будапешт через мм. Львів, Мукачево і Ужгород);36+000;36+010;50.4305999, 30.0277406;50.4304709, 30.0262059;0,15;null;7
135;Київська;М-06;Київ - Чоп (на м. Будапешт через мм. Львів, Мукачево і Ужгород);36+850 ;37+010;50.4296532, 30.0157302;50.4293903, 30.0124016;0,11;null;5
136;Київська;М-06;Київ - Чоп (на м. Будапешт через мм. Львів, Мукачево і Ужгород);38+001;38+100;50.42840392,29.9998306;50.42829409,29.9984198;0,14;null;6
137;Київська;М-06;Київ - Чоп (на м. Будапешт через мм. Львів, Мукачево і Ужгород);43+110 ;44+000;50.4240143, 29.928222;50.4232776, 29.9158182;0,32;null;7
138;Київська;М-06;Київ - Чоп (на м. Будапешт через мм. Львів, Мукачево і Ужгород);47+800;48+100;50.42014908, 29.862773;50.4198948, 29.85857195;0,27;null;6
139;Київська;М-06;Київ - Чоп (на м. Будапешт через мм. Львів, Мукачево і Ужгород);52+000 ;52+500;50.41758, 29.8036876;50.4173473, 29.7965188;0,16;null;7
140;Київська;М-07;Київ - Ковель - Ягодин (на м. Люблін);27+600 ;27+600;50.5549411,30.2391337;50.5549411,30.2391337;0,17;null;8
141;Київська;М-07;Київ - Ковель - Ягодин (на м. Люблін);28+200 ;28+900;50.555705, 30.2184760;50.552482, 30.2099035;0,15;null;7
142;Київська;М-07;Київ - Ковель - Ягодин (на м. Люблін);29+100 ;29+800;50.5515114, 30.2073306;50.548428, 30.1991170;0,13;null;6
143;Київська;М-07;Київ - Ковель - Ягодин (на м. Люблін);31+000 ;31+010;50.5434582, 30.1841192;50.5436059, 30.1827301;0,11;null;5
144;Київська;М-07;Київ - Ковель - Ягодин (на м. Люблін);34 +000 ;34+010;50.5550079, 30.1459699;50.555403, 30.1447107;0,09;null;4
145;Київська;М-07;Київ - Ковель - Ягодин (на м. Люблін);39+001;39+010;50.5749801, 30.0812156;50.5745545, 30.0822978;0,14;null;5
146;Київська;Н-01;Київ – Знам’янка;20+820 ;20+820;50.296964, 30.5333841;50.296964, 30.5333841;0,14;null;4
147;Київська;Н-01;Київ – Знам’янка;22+500;22+500;50.2819346, 30.5334609;50.2819346, 30.5334609;0,14;null;4
148;Київська;Н-01;Київ – Знам’янка;23+561 ;23+800;50.272425, 30.5350502;50.2703846, 30.5360859;0,14;null;4
149;Київська;Н-01;Київ – Знам’янка;45+500 ;46+300;50.1168669, 30.6640599 ;50.1103371, 30.6637598;0,53;null;7
150;Київська;Н-01;Київ – Знам’янка;51+300 ;51+900;50.0757616, 30.6260464;50.0710466, 30.6235015;0,42;null;6
151;Київська;Н-01;Київ – Знам’янка;63+405 ;63+405;49.9893682, 30.7060693;49.9893682, 30.7060693;0,35;null;5
152;Київська;Н-01;Київ – Знам’янка;79+010 ;79+010;49.8733689, 30.8235382;49.8733689, 30.8235382;0,35;null;5
153;Київська;Н-01;Київ – Знам’янка;80+167 ;80+167;49.8644814, 30.8257584;49.8644814, 30.8257584;0,42;Малонебезпечні;6
154;Київська;Н-01;Київ – Знам’янка;80+444 ;80+444;49.8637185, 30.8294157;49.8637185, 30.8294157;0,49;Малонебезпечні;7
155;Київська;Н-01;Київ – Знам’янка;100+000 ;100+100;49.7162907, 30.9556662;49.7154991, 30.9561233;0,4;null;5
156;Київська;Н-02;/М-06/ – Кременець – Біла Церква – Ржищів – Канів – Софіївка;360+674;360+674;49.7368260, 29.652705;49.7368260, 29.652705;0,46;Малонебезпечні;4
157;Київська;Н-02;/М-06/ – Кременець – Біла Церква – Ржищів – Канів – Софіївка;408+001;408+200;49.7832788, 30.2132249;49.7832392, 30.2145402;0,1;null;4
158;Київська;Н-07;Київ – Суми – Юнаківка;2+720;2+900;50.5256608, 30.9112547;50.5254307, 30.9137673;0,37;null;4
159;Київська;Н-07;Київ – Суми – Юнаківка;10+680;10+680;50.5169511, 31.0187890;50.5169511, 31.0187890;0,37;null;4
160;Київська;Р-02;Київ – Іванків – Овруч;23+470;23+600;50.6264640, 30.4429493;50.627600, 30.4421824;0,35;null;14
161;Київська;Р-02;Київ – Іванків – Овруч;25+216;25+216;50.6391419, 30.4284234;50.6391419, 30.4284234;0,16;null;5
162;Київська;Р-02;Київ – Іванків – Овруч;27+200;27+400;50.6512039, 30.4091981;50.6530412, 30.4084103;0,12;null;4
163;Київська;Р-02;Київ – Іванків – Овруч;31+082;31+082;50.684509, 30.3943551;50.684509, 30.3943551;0,18;null;4
164;Київська;Р-02;Київ – Іванків – Овруч;44+306;44+306;50.7809734, 30.3197057;50.7809734, 30.3197057;0,37;null;4
165;Київська;Р-03;Північно-східний об’їзд м. Києва;4+100;4+500;50.3553884, 30.9993664;50.3584289, 30.9963936;0,48;Малонебезпечні;11
166;Київська;Р-03;Північно-східний об’їзд м. Києва;8+370;8+370;50.3890840, 30.9757922;50.3890840, 30.9757922;0,53;Малонебезпечні;7
167;Київська;Р-03;Північно-східний об’їзд м. Києва;16+087;16+087;50.4070092, 30.8774850;50.4070092, 30.8774850;0,38;null;5
168;Київська;Р-03;Північно-східний об’їзд м. Києва;18+600;19+200;50.4194696, 30.8485802 ;50.4226833, 30.8418784;0,45;Малонебезпечні;4
169;Київська;Р-04;Київ - Фастів - Біла Церква - Тараща - Звенигородка;1+830;1+900;50.4091409, 30.3555673;50.4092145, 30.3545896;0,18;null;4
170;Київська;Р-04;Київ - Фастів - Біла Церква - Тараща - Звенигородка;3+061;3+061;50.4057944, 30.3399812;50.4057944, 30.3399812;0,18;null;4
171;Київська;Р-69;Київ – Вишгород – Десна;23+380;23+380;50.5963096, 30.4709723;50.5963096, 30.4709723;0,35;null;5
172;Київська;Т-10-01;Т-10-01 Ворзель – Забуччя – /М-06/;1+818 ;1+818 ;50.5272944, 30.1855548;50.5272944, 30.1855548;0,57;Малонебезпечні;5
173;Київська;Т-10-08;Київ - Літочки - Кіпті;6+300;6+480;50.55121302, 30.6194017;50.5516797, 30.6218324;0,61;Малонебезпечні;4
174;Київська;Т-10-08;Київ - Літочки - Кіпті;12+030;12+160;50.5622989, 30.691077;50.562721, 30.6926038;0,61;Малонебезпечні;4
175;Київська;Т-10-12;Київ - Боярка;1+702;1+702;50.3998285, 30.3701811;50.3998285, 30.3701811;0,11;null;4
176;Київська;Т-10-12;Київ - Боярка;3+074;3+074;50.3896780, 30.3598636;50.3896780, 30.3598636;0,22;null;8
177;Київська;Т-10-12;Київ - Боярка;3+300;3+400;50.3883484, 30.3571320;50.3883484, 30.3571320;0,17;null;6
178;Київська;Т-10-12;Київ - Боярка;4+350;4+470;50.38275116, 30.3456030;50.3820965, 30.34426371;0,14;null;5
179;Київська;Т-10-12;Київ - Боярка;10+389;10+389;50.3465834 30.2835943;50.3465834 30.2835943;0,24;null;4
180;Київська;Т-10-23;Васильків - Глеваха;1+600 ;1+800;50.2493581, 30.3279224;50.2509654, 30.3288206;0,16;null;4
181;Київська;Т-25-41;Новий Биків - Згурівка - Яготин;40+100;40+350;50.270322, 31.7649097;50.2681150, 31.7655592;1,1;Небезпечні;6
182;Кіровоградська;М-05;Київ – Одеса;247+850 ;248+085;48.3869639, 30.245379;48.3780015, 30.2469596;0,42;Малонебезпечні;4
183;Кіровоградська;М-30;Стрий – Умань – Дніпро – Ізварине (через мм. Вінницю, Кропивницький);596+010 ;596+200;48.6526333, 30.7627432;48.6520873, 30.7634512;1,17;Небезпечні;4
184;Кіровоградська;М-30;Стрий – Умань – Дніпро – Ізварине (через мм. Вінницю, Кропивницький);645+100 ;645+350;48.5582472, 31.3682416;48.5573312, 31.3714993;0,95;Небезпечні;4
185;Кіровоградська;М-30;Стрий – Умань – Дніпро – Ізварине (через мм. Вінницю, Кропивницький);677+000;677+001;48,57416805,  31.77827688;48,57416805,  31.77827688;0,49;Малонебезпечні;4
186;Кіровоградська;М-30;Стрий – Умань – Дніпро – Ізварине (через мм. Вінницю, Кропивницький);714+000;714+185;48,56464415, 32.19161404;48.56602194, 32.1930262;0,49;Малонебезпечні;4
187;Кіровоградська;М-30;Стрий – Умань – Дніпро – Ізварине (через мм. Вінницю, Кропивницький);720+000;720+100;48,59957348, 32.25196442;48,6003047006666, 32.253051928000005;0,41;Малонебезпечні;4
188;Кіровоградська;М-30;Стрий – Умань – Дніпро – Ізварине (через мм. Вінницю, Кропивницький);779+001;779+200;48,57416805,  31.77827688;48.69757358 32.83264038;0,68;Малонебезпечні;4
189;Кіровоградська;М-30;Стрий – Умань – Дніпро – Ізварине (через мм. Вінницю, Кропивницький);785+000;785+200;48.67671995 32.9020245;48.677023728 32.904620699999995;0,68;Малонебезпечні;4
190;Кіровоградська;М-30;Стрий – Умань – Дніпро – Ізварине (через мм. Вінницю, Кропивницький);787+000;787+100;48.67983563 32.92877106;48.680000682 32.930188812;0,68;Малонебезпечні;4
191;Кіровоградська;Н-14;Олександрівка – Кропивницький – Миколаїв;83+000 ;83+084;48.3465232, 32.2212051;48.3394768, 32.2171949;0,86;Небезпечні;4
192;Кіровоградська;Н-14;Олександрівка – Кропивницький – Миколаїв;85+000;85+000;48,32909787, 32,2162255;48,32909787, 32,2162255;0,57;Малонебезпечні;5
193;Львівська;М-06;Київ - Чоп (на м. Будапешт через мм. Львів, Мукачево і Ужгород);441+000;441+170;50.059752, 25.1497471;50.0584265, 25.1489568;0,2;null;4
194;Львівська;М-06;Київ - Чоп (на м. Будапешт через мм. Львів, Мукачево і Ужгород);442+800 ;443+100;50.0446886, 25.140662;50.0421056, 25.1390958;0,36;null;7
195;Львівська;М-06;Київ - Чоп (на м. Будапешт через мм. Львів, Мукачево і Ужгород);451+000 ;451+120;49.9793817, 25.0909244;49.9785684, 25.0896981;0,2;null;4
196;Львівська;М-06;Київ - Чоп (на м. Будапешт через мм. Львів, Мукачево і Ужгород);457+000 ;457+210;49.9595226, 25.0156973;49.9600162, 25.0129097;0,2;null;4
197;Львівська;М-06;Київ - Чоп (на м. Будапешт через мм. Львів, Мукачево і Ужгород);489+800 ;490+050;49.9726091, 24.5982734;49.968145, 24.5912766;0,29;null;5
198;Львівська;М-06;Київ - Чоп (на м. Будапешт через мм. Львів, Мукачево і Ужгород);498+916 ;499+000;49.9708207, 24.4822298;49.9710811, 24.4809309;0,23;null;4
199;Львівська;М-06;Київ - Чоп (на м. Будапешт через мм. Львів, Мукачево і Ужгород);516+000 ;516+210;49.9210856, 24.3004361;49.9210375, 24.2975203;0,27;null;5
200;Львівська;М-06;Київ - Чоп (на м. Будапешт через мм. Львів, Мукачево і Ужгород);527+000;528+259;49.9137525, 24.1574452;49.9030443, 24.1518096;0,21;null;7
201;Львівська;М-06;Київ - Чоп (на м. Будапешт через мм. Львів, Мукачево і Ужгород);528+932 ;529+100;49.8996222, 24.1441733;49.8988678, 24.1423556;0,2;null;6
202;Львівська;М-06;Київ - Чоп (на м. Будапешт через мм. Львів, Мукачево і Ужгород);529+470 ;531+000;49.897012, 24.1379575;49.8877317, 24.1521598;0,39;null;21
203;Львівська;М-06;Київ - Чоп (на м. Будапешт через мм. Львів, Мукачево і Ужгород);532+000;532+100;49.88034021621914, 24.15998101568294;49.87966872829315, 24.160647868325153;0,15;null;4
204;Львівська;М-06;Київ - Чоп (на м. Будапешт через мм. Львів, Мукачево і Ужгород);532+500;533+000;49.876381728527925, 24.163063568324958;49.87200975825312, 24.164992439488692;0,22;null;6
205;Львівська;М-06;Київ - Чоп (на м. Будапешт через мм. Львів, Мукачево і Ужгород);533+400 ;534+100;49.8684184, 24.166536;49.8623824, 24.1681638;0,49;Малонебезпечні;13
206;Львівська;М-06;Київ - Чоп (на м. Будапешт через мм. Львів, Мукачево і Ужгород);537+000 ;537+400;49.8367088, 24.165273;49.8332413, 24.1633355;0,22;null;6
207;Львівська;М-06;Київ - Чоп (на м. Будапешт через мм. Львів, Мукачево і Ужгород);538+700 ;539+385;49.8219709, 24.1600027;49.8158958, 24.1590591;0,21;null;6
208;Львівська;М-06;Київ - Чоп (на м. Будапешт через мм. Львів, Мукачево і Ужгород);539+700 ;540+450;49.8131018, 24.1578316;49.8070348, 24.1532228;0,34;null;10
209;Львівська;М-06;Київ - Чоп (на м. Будапешт через мм. Львів, Мукачево і Ужгород);541+450 ;542+315;49.7990172, 24.1469516;49.7920816, 24.1421256;0,19;null;6
210;Львівська;М-06;Київ - Чоп (на м. Будапешт через мм. Львів, Мукачево і Ужгород);543+400;544+500;49.7831672, 24.1354441;49.7777633, 24.1233405;0,21;null;6
211;Львівська;М-06;Київ - Чоп (на м. Будапешт через мм. Львів, Мукачево і Ужгород);545+000 ;545+000;49.7742129, 24.1208301;49.7742129, 24.1208301;0,13;null;4
212;Львівська;М-06;Київ - Чоп (на м. Будапешт через мм. Львів, Мукачево і Ужгород);545+750 ;547+100;49.771087, 24.1125997;49.7671282, 24.0953749;0,55;Малонебезпечні;19
213;Львівська;М-06;Київ - Чоп (на м. Будапешт через мм. Львів, Мукачево і Ужгород);548+100 ;549+600;49.7669729, 24.0815328;49.7668366, 24.0605108;0,18;null;9
214;Львівська;М-06;Київ - Чоп (на м. Будапешт через мм. Львів, Мукачево і Ужгород);550+000 ;550+280;49.7668565, 24.0551741;49.7669322, 24.0512654;0,18;null;6
215;Львівська;М-06;Київ - Чоп (на м. Будапешт через мм. Львів, Мукачево і Ужгород);550+700 ;553+500;49.7671077, 24.0454004;49.7686899, 24.0140897;0,3;null;27
216;Львівська;М-06;Київ - Чоп (на м. Будапешт через мм. Львів, Мукачево і Ужгород);554+900 ;555+50;49.7561959, 24.0147419;49.7508908, 24.0146159;0,18;null;5
217;Львівська;М-06;Київ - Чоп (на м. Будапешт через мм. Львів, Мукачево і Ужгород);556+000 ;556+000;49.7462938, 24.0146786;49.7462938, 24.0146786;0,14;null;4
218;Львівська;М-06;Київ - Чоп (на м. Будапешт через мм. Львів, Мукачево і Ужгород);557+700 ;558+500;49.7315621, 24.0097128;49.7246435, 24.0063365;0,28;null;8
219;Львівська;М-06;Київ - Чоп (на м. Будапешт через мм. Львів, Мукачево і Ужгород);566+950 ;567+200;49.6508756, 23.999989;49.6486052, 23.9994551;0,16;null;4
220;Львівська;М-06;Київ - Чоп (на м. Будапешт через мм. Львів, Мукачево і Ужгород);568+800 ;569+350;49.6342353, 23.9960405;49.629364, 23.9951618;0,24;null;6
221;Львівська;М-06;Київ - Чоп (на м. Будапешт через мм. Львів, Мукачево і Ужгород);569+970 ;570+400;49.6239722, 23.9950883;49.6199254, 23.9950389;0,24;null;6
222;Львівська;М-06;Київ - Чоп (на м. Будапешт через мм. Львів, Мукачево і Ужгород);570+600 ;571+250;49.618327, 23.99501;49.6125508, 23.9956364;0,24;null;6
223;Львівська;М-06;Київ - Чоп (на м. Будапешт через мм. Львів, Мукачево і Ужгород);581+800 ;582+500;49.5321189, 23.9496932;49.5259007, 23.9500243;0,28;null;6
224;Львівська;М-06;Київ - Чоп (на м. Будапешт через мм. Львів, Мукачево і Ужгород);582+790 ;582+900;49.5235039, 23.9516463;49.5227823, 23.9523791;0,14;null;4
225;Львівська;М-06;Київ - Чоп (на м. Будапешт через мм. Львів, Мукачево і Ужгород);585+100 ;586+450;49.5057884, 23.9656952;49.4948401, 23.972204;0,2;null;8
226;Львівська;М-06;Київ - Чоп (на м. Будапешт через мм. Львів, Мукачево і Ужгород);617+000;617+100;49.2450049, 23.8530903;49.2443956, 23.8519851;0,17;null;5
227;Львівська;М-06;Київ - Чоп (на м. Будапешт через мм. Львів, Мукачево і Ужгород);636+000 ;636+500;49.1239621, 23.6755125;49.1202879, 23.6712391;0,22;null;6
228;Львівська;М-06;Київ - Чоп (на м. Будапешт через мм. Львів, Мукачево і Ужгород);639+900 ;640+300;49.1050822, 23.6334353;49.1040984, 23.6280577;0,24;null;6
229;Львівська;М-06;Київ - Чоп (на м. Будапешт через мм. Львів, Мукачево і Ужгород);642+000 ;642+250;49.1066468, 23.6080296;49.1083941, 23.6059754;0,27;null;4
230;Львівська;М-06;Київ - Чоп (на м. Будапешт через мм. Львів, Мукачево і Ужгород);648+000 ;648+200;49.0721234, 23.5642296;49.0707145, 23.5625265;0,27;null;4
231;Львівська;М-06;Київ - Чоп (на м. Будапешт через мм. Львів, Мукачево і Ужгород);681+900 ;682+000;48.8816008, 23.2923033;48.8811028, 23.2910023;0,2;null;4
232;Львівська;М-06;Київ - Чоп (на м. Будапешт через мм. Львів, Мукачево і Ужгород);683+800 ;683+945;48.8870966, 23.2697078;48.8874614, 23.2678451;0,29;null;5
233;Львівська;М-06;Київ - Чоп (на м. Будапешт через мм. Львів, Мукачево і Ужгород);686+100 ;686+900;48.8925566, 23.243789;48.8970192, 23.2354031;0,57;Малонебезпечні;10
234;Львівська;null;Східний під’їзд до м. Львова;4+587 ;5+215;49.8853, 24.0770127;49.8811004, 24.0715204;0,31;null;10
235;Львівська;М-09;Тернопіль – Львів – Рава-Руська (на м. Люблін);45+800;46+100;49.75159,25.0255262;49.7525887,25.025499;0,53;Малонебезпечні;9
236;Львівська;М-09;Тернопіль – Львів – Рава-Руська (на м. Люблін);54+010;54+200;49.784863, 24.9285732;49.785867, 24.9262888;0,23;null;4
237;Львівська;М-09;Тернопіль – Львів – Рава-Руська (на м. Люблін);133+000;133+580;49.906057306750895, 24.055126939490656;49.911321989134294, 24.053825330257677;0,48;Малонебезпечні;6
238;Львівська;М-09;Тернопіль – Львів – Рава-Руська (на м. Люблін);135+900 ;136+200;49.9319389, 24.05124377;49.934400, 24.051426;0,21;null;4
239;Львівська;М-09;Тернопіль – Львів – Рава-Руська (на м. Люблін);139+000 ;139+450;49.958181, 24.0631333;49.9619043, 24.0659761;0,38;null;7
240;Львівська;М-09;Тернопіль – Львів – Рава-Руська (на м. Люблін);141+000;141+200;49.97431392794426, 24.075407693091257;49.9757054212771, 24.077494426002772;0,21;null;4
241;Львівська;М-09;Тернопіль – Львів – Рава-Руська (на м. Люблін);146+800 ;147+000;50.0165414, 24.0356768;50.0180553, 24.0339167;0,21;null;4
242;Львівська;М-10;Львів – Краковець (на м. Краків);8+900 ;9+000;49.8735733, 23.9049518;49.8735238, 23.9036789;0,2;null;4
243;Львівська;М-10;Львів – Краковець (на м. Краків);9+800 ;10+000;49.8734518, 23.892826;49.8740657, 23.8899886;0,2;null;4
244;Львівська;М-10;Львів – Краковець (на м. Краків);13+500 ;14+000;49.8804608, 23.8423221;49.881505, 23.8357032;0,35;null;6
245;Львівська;М-10;Львів – Краковець (на м. Краків);15+800 ;16+250;49.888451, 23.8130373;49.8898064, 23.8070021;0,35;null;6
246;Львівська;М-10;Львів – Краковець (на м. Краків);19+200 ;19+350;49.8986667, 23.7684192;49.8991666, 23.7668848;0,24;null;4
247;Львівська;М-10;Львів – Краковець (на м. Краків);34+800 ;35+200;49.9259966, 23.5731104;49.9250633, 23.5678366;0,3;null;6
248;Львівська;М-10;Львів – Краковець (на м. Краків);35+800 ;36+650;49.9236265, 23.5596487;49.9213764, 23.5481962;0,45;Малонебезпечні;9
249;Львівська;М-10;Львів – Краковець (на м. Краків);37+410 ;38+000;49.9194145, 23.5383926;49.9179784, 23.5304856;0,44;Малонебезпечні;7
250;Львівська;М-10;Львів – Краковець (на м. Краків);47+900 ;48+050;49.9112471, 23.3950841;49.9126107, 23.3873548;0,4;null;5
251;Львівська;null;Західний об’їзд м. Львова;2+480 ;4+400;49.8460992, 23.8967665;49.8302489, 23.9056841;0,18;null;11
252;Львівська;null;Західний об’їзд м. Львова;4+800 ;5+100;49.82689, 23.9083194;49.8245644, 23.9100922;0,18;null;10
253;Львівська;null;Західний об’їзд м. Львова;5+500 ;9+100;49.8213132, 23.9124042;49.7921568, 23.9335809;0,14;null;28
254;Львівська;null;Західний об’їзд м. Львова;9+700 ;10+264;49.7894985, 23.9407683;49.7872314, 23.9476739;0,22;null;9
255;Львівська;null;Західний об’їзд м. Львова;10+600;10+744;49.7858306, 23.9519071;49.7852893, 23.9535574;0,1;null;4
256;Львівська;null;Західний об’їзд м. Львова;13+450 ;13+500;49.7742964, 23.9869576;49.7740676, 23.9876496;0,13;null;4
257;Львівська;М-11 ;Львів - Шегині (на м. Краків);9+500 ;11+177;49.8195678, 23.9067514;49.8153785, 23.8847362;0,31;null;12
258;Львівська;М-11 ;Львів - Шегині (на м. Краків);12+000 ;12+100;49.8136627, 23.8735396;49.8134122, 23.8719215;0,17;null;4
259;Львівська;М-11 ;Львів - Шегині (на м. Краків);13+000 ;13+700;49.8115697, 23.8600376;49.8100968, 23.8506124;0,26;null;6
260;Львівська;М-11 ;Львів - Шегині (на м. Краків);15+420 ;16+200;49.8064349, 23.8271718;49.8047767, 23.8165393;0,26;null;6
261;Львівська;М-11 ;Львів - Шегині (на м. Краків);18+300 ;18+500;49.8004146, 23.7887128;49.8000028, 23.7860892;0,22;null;5
262;Львівська;М-11 ;Львів - Шегині (на м. Краків);56+750;56+900;49.80020588392875, 23.271765268320433;49.80029758389598, 23.269852339484533;0,23;null;4
263;Львівська;М-11 ;Львів - Шегині (на м. Краків);62+100;62+100;49.80233083381392, 23.198176797156627;49.80233083381392, 23.198176797156627;0,28;null;5
264;Львівська;М-11 ;Львів - Шегині (на м. Краків);76+400;77+000;49.798687, 23.0118266;49.7989853, 23.0037047;0,34;null;6
265;Львівська;Н-09;Мукачево - Рахів - Богородчани - Івано-Франківськ - Рогатин - Бібрка - Львів;429+000 ;429+800;49.7251876, 24.1855507;49.7291132, 24.1765735;0,39;null;7
266;Львівська;Н-09;Мукачево - Рахів - Богородчани - Івано-Франківськ - Рогатин - Бібрка - Львів;433+500 ;433+600;49.7517292, 24.1417652;49.7521986, 24.1404194;0,22;null;4
267;Львівська;Н-13;Львів-Самбір-Ужгород;124+001;124+050;49.14483015312027, 23.040796125956582;49.144453907638066, 23.040195843760248;0,32;null;4
268;Львівська;Т-14-16;Львів-Пустомити-Меденичі;10+100;10+200;49.753244692563065, 23.941921936102798;49.75277211030668, 23.94098132598976;0,7;Малонебезпечні;7
269;Миколаївська;М-14;Одеса – Мелітополь – Новоазовськ (на м. Таганрог);81+000 ;81+000;46.8253856, 31.4085052;46.8253856, 31.4085052;0,27;null;5
270;Миколаївська;М-14;Одеса – Мелітополь – Новоазовськ (на м. Таганрог);103+900 ;104+000;46.9284526, 31.6127352;46.9285428, 31.6141221;0,24;null;4
271;Миколаївська;М-14;Одеса – Мелітополь – Новоазовськ (на м. Таганрог);157+000 ;157+050;47.008891, 32.1253425;47.0046647, 32.1269837;0,24;null;4
272;Миколаївська;Н-11;Дніпро – Миколаїв (через м. Кривий Ріг);146+100;146+300;47.8209326, 32.8341859;47.8200186, 32.8317946;0,41;Малонебезпечні;4
273;Миколаївська;Н-11;Дніпро – Миколаїв (через м. Кривий Ріг);148+050;148+500;47.8119118, 32.8116597;47.8105227, 32.8060048;0,63;Малонебезпечні;11
274;Миколаївська;Н-11;Дніпро – Миколаїв (через м. Кривий Ріг);162+050 ;163+170;47.7571356, 32.6420566;47.7524257, 32.6364031;0,57;Малонебезпечні;14
275;Миколаївська;Н-11;Дніпро – Миколаїв (через м. Кривий Ріг);261+027 ;261+224;47.0060512, 32.1471973;47.0063164, 32.1474313;0,29;null;5
276;Миколаївська;Н-24;Благовіщенське – Миколаїв (через м. Вознесенськ);50+800;50+800;48.1243469, 30.7220415;48.1243469, 30.7220415;0,45;Малонебезпечні;6
277;Миколаївська;Н-24;Благовіщенське – Миколаїв (через м. Вознесенськ);117+200;117+300;47.763006, 31.2319368;47.76223,31.2323585;0,37;null;5
278;Одеська;М-05;Київ – Одеса  ;434+000 ;434+053;46.7485225, 30.4358585;46.7442309, 30.4392766;0,34;null;4
279;Одеська;М-05;Київ – Одеса  ;451+000;451+100;46.620472, 30.551918;46.6197617, 30.5520884;0,34;null;4
280;Одеська;М-15;Одеса – Рені (на м. Бухарест);68+015 ;68+100;46.313176, 30.063142;46.312424, 30.062903;0,32;null;4
281;Одеська;М-15;Одеса – Рені (на м. Бухарест);180+000 ;181+001;45.7274096, 29.192159;45.7305374, 29.1793977;0,83;Небезпечні;9
282;Одеська;М-15;Одеса – Рені (на м. Бухарест);203+500 ;203+700;45.6191332, 28.9657211;45.6175305, 28.9650721;0,39;null;5
283;Одеська;М-15;Одеса – Рені (на м. Бухарест);204+300 ;204+600;45.6129008, 28.9617905;45.6123027, 28.9577151;0,79;Малонебезпечні;10
284;Одеська;М-28;Одеса - Южне - /М-14/;18+000 ;18+050;46.562245, 30.842255;46.563032, 30.847829;0,24;null;5
285;Одеська;М-28;Одеса - Южне - /М-14/;20+950 ;21+000;46.570037, 30.877230;46.570363, 30.881852;0,19;null;4
286;Одеська;М-28;Одеса - Южне - /М-14/;17+000;17+125;46.561904, 30.830070;46.561695, 30.831763;0,4;null;5
287;Одеська;Р-33; Вінниця – Турбів – Гайсин – Балта – Велика Михайлівка – /М-16/;249+400;249+507;47.8656797, 29.5319026;47.8648679, 29.5322853;0,38;null;4
288;Одеська;Т-16-47 ;/Н-33/ – Кароліно-Бугаз – Грибівка – Санжійка – /М-27/;12+005;12+010;46.217588, 30.5839977;46.2175844, 30.5839346;0,45;Малонебезпечні;3
289;Полтавська;М-03;Київ – Харків – Довжанський (на м. Ростов-на-Дону);157+000;157+100 ;50.2183634, 32.5211395;50.217753, 32.5222513;0,22;null;4
290;Полтавська;М-03;Київ – Харків – Довжанський (на м. Ростов-на-Дону);325+00;325+800;49.6062712, 34.3316206;49.6036788, 34.3417889;0,43;Малонебезпечні;8
291;Полтавська;М-22;Полтава - Олександрія;30+400;31+250;49.3543786, 34.2920619;49.3543940, 34.3031448;0,73;Малонебезпечні;4
292;Рівненська;М-06;Київ - Чоп (на м. Будапешт через мм. Львів, Мукачево і Ужгород);299+864 ;300+001;50.6091198, 26.6411434;50.6077827, 26.6383849;0,2;null;4
293;Рівненська;М-06;Київ - Чоп (на м. Будапешт через мм. Львів, Мукачево і Ужгород);307+950;308+001;50.6033471, 26.5294847;50.6033388, 26.5286110;0,19;null;4
294;Рівненська;М-06;Київ - Чоп (на м. Будапешт через мм. Львів, Мукачево і Ужгород);322+000 ;322+001;50.6095056, 26.3385946;50.6088835, 26.3393291;0,19;null;4
295;Рівненська;М-06;Київ - Чоп (на м. Будапешт через мм. Львів, Мукачево і Ужгород);322+350 ;323+050;50.6066897, 26.3405351;50.6005044, 26.3392282;0,34;null;7
296;Рівненська;М-06;Київ - Чоп (на м. Будапешт через мм. Львів, Мукачево і Ужгород);325+800 ;326+001;50.5812087, 26.3162467;50.5800983, 26.3122371;0,29;null;6
297;Рівненська;М-06;Київ - Чоп (на м. Будапешт через мм. Львів, Мукачево і Ужгород);327+970 ;328+001;50.5741788, 26.2874829;50.5741234, 26.2872526;0,19;null;4
298;Рівненська;М-06;Київ - Чоп (на м. Будапешт через мм. Львів, Мукачево і Ужгород);329+950 ;330+200;50.5703289, 26.2606762;50.569766, 26.2569513;0,31;null;7
299;Рівненська;М-06;Київ - Чоп (на м. Будапешт через мм. Львів, Мукачево і Ужгород);332+900 ;333+001;50.563945, 26.2204923;50.563765, 26.2189487;0,19;null;4
300;Рівненська;М-06;Київ - Чоп (на м. Будапешт через мм. Львів, Мукачево і Ужгород);338+300 ;338+350;50.5821402, 26.156444;50.5824356, 26.1560621;0,27;null;4
301;Рівненська;М-06;Київ - Чоп (на м. Будапешт через мм. Львів, Мукачево і Ужгород);339+676 ;340+350;50.5861169, 26.145281;50.5817885, 26.1388334;0,53;Малонебезпечні;8
302;Рівненська;М-06;Київ - Чоп (на м. Будапешт через мм. Львів, Мукачево і Ужгород);346+900 ;347+050;50.5458934, 26.0658354;50.5449583, 26.0641876;0,19;null;5
303;Рівненська;М-06;Київ - Чоп (на м. Будапешт через мм. Львів, Мукачево і Ужгород);347+900 ;348+001;50.540354, 26.0546936;50.5392811, 26.0524749;0,24;null;5
304;Рівненська;М-06;Київ - Чоп (на м. Будапешт через мм. Львів, Мукачево і Ужгород);349+000;349+001;50.5344161, 26.0424347;50.5344213, 26.0424453;0,19;null;4
305;Рівненська;М-06;Київ - Чоп (на м. Будапешт через мм. Львів, Мукачево і Ужгород);370+800;370+960;50.4435296, 25.7815024;"50.4429689, 25.7795355	";0,19;null;4
306;Рівненська;М-06;Київ - Чоп (на м. Будапешт через мм. Львів, Мукачево і Ужгород);379+000 ;379+001;50.4083658, 25.705856;50.4074829, 25.7058675;0,19;null;4
307;Рівненська;М-06;Київ - Чоп (на м. Будапешт через мм. Львів, Мукачево і Ужгород);402+800 ;402+850;50.2572796, 25.5212087;50.2568803, 25.520967;0,22;null;4
308;Рівненська;М-06;Київ - Чоп (на м. Будапешт через мм. Львів, Мукачево і Ужгород);413+500 ;413+950;50.1960113, 25.4165437;50.1921389, 25.4143952;0,35;null;6
309;Рівненська;М-07;Київ – Ковель – Ягодин (на м. Люблін);331+800 ;332+000;51.2685057, 26.2473905;51.2683636, 26.2442536;0,24;null;4
310;Рівненська;Н-22;Устилуг – Луцьк – Рівне;153+000 ;153+200;50.6682532, 26.1602503;50.6669342, 26.1623221;0,32;null;4
311;Рівненська;Н-25;Городище – Рівне – Старокостянтинів;133+700 ;133+900;50.765055, 26.4048062;50.7636226, 26.4032456;0,22;null;4
312;Рівненська;Н-25;Городище – Рівне – Старокостянтинів;135+920 ;136+001;50.7487218, 26.3869524;50.7481508, 26.3863299;0,22;null;4
313;Рівненська;Н-25;Городище – Рівне – Старокостянтинів;139+000 ;139+200;50.7235643, 26.3709861;50.7220301, 26.3696113;0,22;null;4
314;Рівненська;Н-25;Городище – Рівне – Старокостянтинів;142+900 ;143+000;50.7015532, 26.3321539;50.7007894, 26.331753;0,22;null;4
315;Сумська;М-02;Кіпті –– Глухів –– Бачівськ (на м. Брянськ);166+010 ;166+120;51.5233623, 33.3787991;51.5234642, 33.3790364;0,57;Малонебезпечні;4
316;Сумська;М-02;Кіпті –– Глухів –– Бачівськ (на м. Брянськ);170+010;170+100;51.5406088, 33.4272397;51.5411782, 33.4285354;0,63;Малонебезпечні;4
317;Сумська;Н-07;Київ - Суми - Юнаківка (на м. Курськ);264+000 ;264+200;50.8055096, 34.3359049;50.8058917, 34.3388842;0,27;null;4
318;Сумська;Н-07;Київ - Суми - Юнаківка (на м. Курськ);293+001 ;293+100;50.8676987, 34.7163291;51.5234642, 33.3790364;0,63;Малонебезпечні;4
319;Тернопільська;М-09;Тернопіль-Львів-Рава-Руська ;16+100 ;16+200;49.6222218, 25.3595108 ;49.6225273/25.3582892;0,32;null;4
320;Тернопільська;М-19;Доманове (на м. Брест) –– Ковель –– Чернівці ––Тереблече (на м. Бухарест);249+900;250+100;50.1141554, 25.6903275;50.1134071/25.6925780;0,36;null;5
321;Тернопільська;М-19;Доманове (на м. Брест) –– Ковель –– Чернівці ––Тереблече (на м. Бухарест);303+100;303+300;49.6843253, 25.7235826 ;49.6828624/25.7216585;0,3;null;4
322;Тернопільська;М-19;Доманове (на м. Брест) –– Ковель –– Чернівці ––Тереблече (на м. Бухарест);316+010 ;316+783;49.5779103, 25.6704541;49.5735314/25.6635296;0,44;Малонебезпечні;9
323;Тернопільська;М-19;Доманове (на м. Брест) –– Ковель –– Чернівці ––Тереблече (на м. Бухарест);349+000;349+570;49.3475137, 25.6806090;49.3435673/25.6832359;0,43;Малонебезпечні;6
324;Тернопільська;М-19;Доманове (на м. Брест) –– Ковель –– Чернівці ––Тереблече (на м. Бухарест);411+000;411+244;48.9427564, 25.7366920;48.9419474/25.73386249;0,29;null;4
325;Тернопільська;М-30;Стрий - Умань - Дніпро - Ізварине (через мм. Вінницю, Кропивницький);154+464 ;155+500;49.5447624, 25.6462363;49.5417895/25.6599153;0,38;null;9
326;Тернопільська;М-30;Стрий - Умань - Дніпро - Ізварине (через мм. Вінницю, Кропивницький);157+550 ;158+400;49.5359674, 25.6867569;49.5336119/25.6976594;0,31;null;7
327;Тернопільська;М-30;Стрий - Умань - Дніпро - Ізварине (через мм. Вінницю, Кропивницький);158+800;159+400;49.5325058, 25.7029645;49.5314980/25.7114070;0,38;null;6
328;Тернопільська;Н-18;Івано-Франківськ ––Бучач –– Тернопіль;48+850 ;49+100;49.0905742, 25.1748576;49.0902204/25.1781165;0,24;null;4
329;Тернопільська;Р-41;Об’їзд м. Тернополя;0+370 ;1+500;49.5700195, 25.6478099;49.5785508//25.6397463;0,62;Малонебезпечні;10
330;Тернопільська;Р-41;Об’їзд м. Тернополя;6+241;6+241;49.5832616, 25.5104195;49.5832616/25.5104195;0,35;null;6
331;Харківська;М-03;Київ –– Харків –– Довжанський (на м. Ростов-на-Дону);459+100 ;459+300;49.9834317, 35.942769;49.9835557, 35.9455302;0,45;Малонебезпечні;6
332;Харківська;М-03;Київ –– Харків –– Довжанський (на м. Ростов-на-Дону);530+450;531+350;49.8800213, 36.581544;49.8763851, 6.5927427;0,39;null;9
333;Харківська;М-03;Київ –– Харків –– Довжанський (на м. Ростов-на-Дону);622+980 ;623+001;49.2243819, 7.2510215;49.223314, 37.2512555;0,29;null;5
334;Харківська;М-18;Харків – Сімферополь – Алушта – Ялта;18+965;19+070;49.8942651, 36.1557203;49.8936658,36.1547784;0,23;null;4
335;Харківська;М-29;Харків - Красноград - Перещепине - Дніпро;0+010 ;0+100;49.9670334, 35.9949074;49.9660719, 35.994549;0,77;Малонебезпечні;4
336;Харківська;М-29;Харків - Красноград - Перещепине - Дніпро;48+000;48+200;49.6506858, 5.6415842;49.6492953, 5.6401012;0,60;Малонебезпечні;6
337;Харківська;Р-46;Харків –– Охтирка;0+000;0+000;49.9749889, 36.1186758;49.9749889, 36.1186758;0,37;null;9
338;Харківська;Р-46;Харків –– Охтирка;4+899 ;4+950;49.9897317, 36.0556677;49.9901507, 36.0549585;0,45;Малонебезпечні;4
339;Харківська;Р-46;Харків –– Охтирка;26+800 ;27+100;50.0741911, 35.8073836;50.0756547, 35.803864;1,27;Дуже небезпечні;6
340;Харківська;Р-46;Харків –– Охтирка;39+550;40+600;50.1050771,35.642872;50.1100834,35.6309342;1,21;Дуже небезпечні;6
341;Харківська;Р-51;Мерефа – Лозова – Павлоград;121+010 ;121+200;48.8760218, 36.2116895;48.8745607, 36.2114181;2,61;Дуже небезпечні;4
342;Харківська;Р-78;Харків –– Зміїв –– Балаклія –– Гороховатка;27+001;27+001;49.7034093, 36.3623119;49.7034093, 36.3623119;0,35;null;4
343;Хмельницька;М-30;Стрий - Умань - Дніпро - Ізварине (через мм. Вінницю, Кропивницький);208+000 ;208+001;49.5145235, 26.3530035;49.5141994, 26.354197;0,39;null;4
344;Хмельницька;М-30;Стрий - Умань - Дніпро - Ізварине (через мм. Вінницю, Кропивницький);215+000 ;215+001;49.4892924, 26.4401749;49.4892941, 26.4401616;0,34;null;4
345;Хмельницька;М-30;Стрий - Умань - Дніпро - Ізварине (через мм. Вінницю, Кропивницький);232+650 ;233+100;49.4092967, 26.6297134;49.4085853, 26.635889;0,51;Малонебезпечні;6
346;Хмельницька;М-30;Стрий - Умань - Дніпро - Ізварине (через мм. Вінницю, Кропивницький);237+800 ;238+001;49.3974304, 26.6842255;49.3974958, 26.6885445;0,42;Малонебезпечні;5
347;Хмельницька;М-30;Стрий - Умань - Дніпро - Ізварине (через мм. Вінницю, Кропивницький);246+001 ;246+001;49.3933959, 26.7905975;49.3933959, 26.7905975;0,34;null;4
348;Хмельницька;М-30;Стрий - Умань - Дніпро - Ізварине (через мм. Вінницю, Кропивницький);250+001;250+011;49.401299, 26.8402465;49.4012266, 26.8405831;0,34;null;4
349;Хмельницька;М-30;Стрий - Умань - Дніпро - Ізварине (через мм. Вінницю, Кропивницький);276+001;276+100;49.3961749, 27.1068826;49.3967385, 27.1077194;0,17;null;4
350;Хмельницька;М-30;Стрий - Умань - Дніпро - Ізварине (через мм. Вінницю, Кропивницький);276+600 ;277+001;49.4001065, 27.1123183;49.4019298, 27.1177552;0,26;null;6
351;Хмельницька;М-30;Стрий - Умань - Дніпро - Ізварине (через мм. Вінницю, Кропивницький);284+001 ;284+100;49.3857791, 27.2091893;49.3856527, 27.210202;0,34;null;4
352;Хмельницька;М-30;Стрий - Умань - Дніпро - Ізварине (через мм. Вінницю, Кропивницький);311+500;311+750;49.3919515. 275522475;49.3715668. 27.5552731;0,3;null;6
353;Хмельницька;Н-03;Житомир –– Чернівці;111+011;111+111;49.7760761, 27.5331409;49.77608, 27.533153;0,3;null;4
354;Хмельницька;Н-03;Житомир –– Чернівці;156+020; 156+200;49.6232484, 27.0946536;49.6232484, 27.0946536;0,3;null;4
355;Хмельницька;Н-03;Житомир –– Чернівці;170+000;170+200;49.5158563, 27.0536072;49.5141272, 27.0542448;0,38;null;5
356;Хмельницька;Н-03;Житомир –– Чернівці;190+801 ;191+300;49.3743453, 26.9572104;49.3702225, 26.9603366;0,29;null;6
357;Хмельницька;Н-03;Житомир –– Чернівці;192+000 ;192+001;49.3640232, 26.9617943;49.3640324, 26.9617928;0,19;null;4
358;Хмельницька;Н-03;Житомир –– Чернівці;198+850;199+500;49.3075467, 26.936071;49.3025975, 26.9308676;0,29;null;6
359;Хмельницька;Н-03;Житомир –– Чернівці;202+001;202+154;49.7479137, 26.643499;48.7461431, 26.6422761;0,19;null;4
360;Хмельницька;Н-03;Житомир –– Чернівці;272+900;273+100;49.2808567. 26.92355;49.2794001, 26.9230964;0,3;null;4
361;Хмельницька;Т-18-04 ;Корець –– Славута –– Антоніни;26+050 ;26+050;50.4639485, 27.0185374;50.4639485, 27.0185374;1,09;Небезпечні;5
362;Черкаська;М-05;Київ – Одеса;146+500 ;147+300; 49.2520009, 30.0885044;30.0885044, 30.084921;0,29;null;6
363;Черкаська;М-30;Стрий - Умань - Дніпро - Ізварине (через мм. Вінницю, Кропивницький);530+005;530+100;48.79042106, 29.93381749;48.790381, 29.93499363;0,3;null;5
364;Черкаська;М-30;Стрий - Умань - Дніпро - Ізварине (через мм. Вінницю, Кропивницький);545+800 ;546+500;48.7340489, 48.7336133;30.1304404, 30.139709;0,36;null;6
365;Черкаська;М-30;Стрий - Умань - Дніпро - Ізварине (через мм. Вінницю, Кропивницький);547+650 ;548+540;48.7339813, 48.7340048;30.1556169, 30.1672006;0,48;Малонебезпечні;8
366;Черкаська;М-30;Стрий - Умань - Дніпро - Ізварине (через мм. Вінницю, Кропивницький);554+387 ;555+050;48.7242298, 48.7221264;30.2426447, 30.2576428;0,6;Малонебезпечні;10
367;Черкаська;М-30;Стрий - Умань - Дніпро - Ізварине (через мм. Вінницю, Кропивницький);556+500;557+050;48.720007243, 30.2705383;48.71748367, 30.27694349;0,36;null;6
368;Черкаська;М-30;Стрий - Умань - Дніпро - Ізварине (через мм. Вінницю, Кропивницький);557+500;558+200;48.7148242, 30.2811876;48.7113679, 30.2883971;0,42;Малонебезпечні;7
369;Черкаська;Н-01;Київ – Знам’янка;227+500;228+100;49.08199115, 32.08460547;49.07685867, 32.08292359;1,17;Небезпечні;8
370;Черкаська;Н-16;Золотоноша – Черкаси – Сміла – Умань;10+200;10+400;49.5769093, 49.5753977;49.5769093, 49.5753977;0,33;null;5
371;Черкаська;Н-16;Золотоноша – Черкаси – Сміла – Умань;11+950;12+000;49.5636677, 49.5630995;32.0736684, 32.0735059 ;0,4;null;6
372;Черкаська;Н-16;Золотоноша – Черкаси – Сміла – Умань;78+700;78+900;49.1298057, 31.6920504;49.129617, 31.6892433;0,43;Малонебезпечні;4
373;Черкаська;Р-10;/Р-09/ - Черкаси - Чигирин - Кременчук;15+200;15+400;49.6043601, 49.6031897;31.4683892, 31.4705579;1,56;Дуже небезпечні;5
374;Чернівецька;М-19;Доманове (на м. Брест) – Ковель – Чернівці – Тереблече (на м. Бухарест);485+445 ;485+695 ;48.339809, 25.878410;48.338810,25.881356;0,31;null;5
375;Чернівецька;Н-03;Житомир ­­– Чернівці;322+050 ;322+100;48.4355839, 26.410959;48.4373704,26.4156181;0,49;null;5
376;Чернівецька;Т-2602;Чернівці – Заставна – /М-19/;8+290 ;8+350;48.391272, 25.910731;48.391812,25.910531;3,1;Дуже небезпечні;4
377;Чернігівська;М-02; Кіпті – Глухів – Бачівськ (на м. Брянськ); 117+530 ; 117+530;51.299411, 32.793311;51.299411,32.793311;0,55;Малонебезпечні;4
378;Чернігівська;Н-07;Київ – Суми – Юнаківка ;158+860 ;159+060;50.6932682, 32.9695255;50.6933486,32.9724039;0,68;Малонебезпечні;5
379;Чернігівська;Р-56;Чернігів – Пакуль – контрольно-пропускний пункт “Славутич” – Чорнобиль ;6+800 ;7+000;51.467526, 31.2258824;51.4670316,31.2231433;0,29;null;4
