№ п/п;Область;Індекс дороги;Назва дороги;Початок ділянки км, м;Кінець ділянки км, м;GPS-координати, початок (широта/довгота);GPS-координати, кінець (широта/довгота);Протяжність ділянки, м;Кількість ДТП за три роки до взяття на облік;;;;;;
1;Вінницька;М-30;Стрий – Умань – Дніпро – Ізварине  (через мм. Вінницю, Кропивницький);336+500 ;337+343 ;49.391469, 27.881164;49.3905049, 27.8924857;843;4;;;;;;
2;Вінницька;М-30;Стрий – Умань – Дніпро – Ізварине  (через мм. Вінницю, Кропивницький);368+408;368+538 ;49.276700 28.266228;49.276121 28.267492 ;130;4;;;;;;
3;Вінницька;М-30;Стрий – Умань – Дніпро – Ізварине  (через мм. Вінницю, Кропивницький);371+500 ;371+800;49.259056 28.298702;49.257910 28.302161;300;8;;;;;;
4;Вінницька;М-30;Стрий – Умань – Дніпро – Ізварине  (через мм. Вінницю, Кропивницький);376+897;377+003 ;49.249548 28.370556;49.248991 28.371872 ;106;12;;;;;;
5;Вінницька;М-30;Стрий – Умань – Дніпро – Ізварине  (через мм. Вінницю, Кропивницький);377+200;378+089;49.247993 28.374242;49.243813 28.384101;889;8;;;;;;
6;Вінницька;М-30;Стрий – Умань – Дніпро – Ізварине  (через мм. Вінницю, Кропивницький);391+000 ;391+908;49.281443 28.520630;49.280484 28.533019;908;4;;;;;;
7;Вінницька;М-30;Стрий – Умань – Дніпро – Ізварине  (через мм. Вінницю, Кропивницький);395+590;395+882;49.259712 28.570918;49.256718 28.573165;478;15;;;;;;
8;Вінницька;М-30;Стрий – Умань – Дніпро – Ізварине  (через мм. Вінницю, Кропивницький);401+200;402+100;49.217402 28.577809;49.215426 28.578472;900;5;;;;;;
9;Вінницька;М-30;Стрий – Умань – Дніпро – Ізварине  (через мм. Вінницю, Кропивницький);408+188;408+478;49.184922 28.646489;49.182180 28.648567;290;6;;;;;;
10;Вінницька;М-30;Стрий – Умань – Дніпро – Ізварине  (через мм. Вінницю, Кропивницький);415+191;415+592 ;49.132582 28.695555;49.132582 28.695555 ;401;7;;;;;;
11;Вінницька;М-30;Стрий – Умань – Дніпро – Ізварине  (через мм. Вінницю, Кропивницький);417+890;418+330;49.111939 28.700535;49.108231 28.701222;424;9;;;;;;
12;Вінницька;М-30;Стрий – Умань – Дніпро – Ізварине  (через мм. Вінницю, Кропивницький);420+050;421+050;49.090629 28.706431;49.081651 28.705633;1000;3;;;;;;
13;Вінницька;М-30;Стрий – Умань – Дніпро – Ізварине  (через мм. Вінницю, Кропивницький);434+800;435+500;48.990193 28.801434;48.987153 28.809255;700;4;;;;;;
14;Вінницька;М-30;Стрий – Умань – Дніпро – Ізварине  (через мм. Вінницю, Кропивницький);452+100;453+100;48.923861 28.962031;48.928595 8.973197;1000;11;;;;;;
15;Вінницька;М-30;Стрий – Умань – Дніпро – Ізварине  (через мм. Вінницю, Кропивницький);485+220;485+520;48.829722 29.341589;48.827903 29.344809;300;4;;;;;;
16;Вінницька;М-30;Стрий – Умань – Дніпро – Ізварине  (через мм. Вінницю, Кропивницький);496+100;497+100;48.806622 29.476267;48.807110 29.489746;1000;11;;;;;;
17;Вінницька;М-21;Виступовичі – Житомир – Могилів-Подільський (через м. Вінницю);282+000 ;283+000;49.425358 28.519694;49.418308 28.527432;1000;4;;;;;;
18;Вінницька;М-21;Виступовичі – Житомир – Могилів-Подільський (через м. Вінницю);293+000;294+000;49.331754 28.514051;49.324170 28.507207;1000;5;;;;;;
19;Вінницька;М-21;Виступовичі – Житомир – Могилів-Подільський (через м. Вінницю);296+000;297+150;49.313471 28.485320;49.304694 28.477100;1150;15;;;;;;
20;Вінницька;М-21;Виступовичі – Житомир – Могилів-Подільський (через м. Вінницю);299+237;299+422;49.286149 28.475151;49.284932 28.475151;185;15;;;;;;
21;Вінницька;М-21;Виступовичі – Житомир – Могилів-Подільський (через м. Вінницю);300+961;301+365;49.286524 28.452315;49.285505 28.446899;404;16;;;;;;
22;Вінницька;М-21;Виступовичі – Житомир – Могилів-Подільський (через м. Вінницю);304+000;304+935;49.265712 28.427628;49.258510 28.421048;935;5;;;;;;
23;Вінницька;М-21;Виступовичі – Житомир – Могилів-Подільський (через м. Вінницю);306+850;307+283;49.244469 28.406364;49.241204 28.403619;433;10;;;;;;
24;Вінницька;Р-08 ;Немирів – Ямпіль;11+050;11+100;48.861741 28.899259;48.861228 28.899641;50;3;;;;;;
25;Вінницька;Р-08 ;Немирів – Ямпіль;67+300;68+230;48.531330 28.621819;48.532878 28.611416;930;3;;;;;;
26;Волинська;М-07;Київ – Ковель – Ягодин (на               м. Люблін);382+010 ;382+400;51.261203, 51.2610427;25.5382417, 25.5340798;390;4;;;;;;
27;Волинська;М-19;Доманове (на м. Брест) – Ковель – Чернівці – Тереблече (на м. Бухарест);82+300 ;83+100;51.1862141, 51.182768;24.7883399, 24.7983098;800;3;;;;;;
28;Волинська;М-19;Доманове (на м. Брест) – Ковель – Чернівці – Тереблече (на м. Бухарест);101+000;102+000;51.0918497, 25.0082939;51.0862109, 25.0194014;1000;3;;;;;;
29;Волинська;М-19;Доманове (на м. Брест) – Ковель – Чернівці – Тереблече (на м. Бухарест);125+100 ;126+000;50.920509, 25.204640,;50.912679, 25.208085;900;3;;;;;;
30;Волинська;М-19;Доманове (на м. Брест) – Ковель – Чернівці – Тереблече (на м. Бухарест);142+000 ;142+300;50.8093579, 50.8083673;25.2986351, 25.3026527;300;3;;;;;;
31;Волинська;М-19;Доманове (на м. Брест) – Ковель – Чернівці – Тереблече (на м. Бухарест);151+116 ;152+000;50.8009343, 50.7933381;25.3937662, 25.3952825;884;3;;;;;;
32;Волинська;Н-22;Устилуг – Луцьк – Рівне;35+500 ;36+500;50.7916292, 50.790097;24.6044588, 24.6182642;1000;3;;;;;;
33;Волинська;Н-22;Устилуг – Луцьк – Рівне; 53+170 ;54+000;50.780519, 50.7793438;24.846398, 24.8578858;830;3;;;;;;
34;Волинська;Н-22;Устилуг – Луцьк – Рівне;54+200 ; 55+100;50.7790529, 24.8607393;50.7778414, 24.8732087;900;3;;;;;;
35;Волинська;Н-22;Устилуг – Луцьк – Рівне;62+001 ;62+500;50.7785604, 50.7773751;24.9718619, 24.9765428 ;499;3;;;;;;
36;Волинська;Н-22;Устилуг – Луцьк – Рівне;64+100 ;65+000;50.7710485, 24.9958368;50.7699755, 25.0086974;900;3;;;;;;
37;Волинська;Н-22;Устилуг – Луцьк – Рівне;80+000;81+000;50.7484111, 50.7434786;25.2099819, 25.2216276 ;1000;3;;;;;;
38;Волинська;Н-22;Устилуг – Луцьк – Рівне; 81+847 ;82+272;50.7452547, 50.7449987;25.2330585, 25.2389649 ;425;3;;;;;;
39;Волинська;Н-22;Устилуг – Луцьк – Рівне;101+000;102+000;50.7617219, 25.4868541;50.7670629, 25.4982539;1000;3;;;;;;
40;Волинська;Н-22;Устилуг – Луцьк – Рівне;119+000 ;120+000;50.7815614, 50.7809607;25.7336414, 25.7477868;1000;5;;;;;;
41;Волинська;Р-14;Луцьк – Ківерці – Маневичі – Любешів – Дольськ;8+100;8+900;50.8040509, 25.3901062;50.8082175, 25.3990968;800;4;;;;;;
42;Волинська;Р-15;Р-15 Ковель – Володимир-Волинський – Червоноград – Жовква;67+100;67+200;50.7850239, 24.2327606;50.7841985, 24.2321221;100;3;;;;;;
43;Волинська;Р-15;Р-15 Ковель – Володимир-Волинський – Червоноград – Жовква;72+115;72+964;50.74250889625,24.1587619475;50.74174762, 24.15691358;849;3;;;;;;
44;Житомирська;М-06;Київ - Чоп (на м. Будапешт через мм. Львів, Мукачево і Ужгород);141+400;142+000;50.3271481, 28.6523093 ;50.3274548, 28.6440165;600;6;;;;;;
45;Житомирська;М-06;Київ - Чоп (на м. Будапешт через мм. Львів, Мукачево і Ужгород);199+700 ;200+200;50.5107595,27.9414136;50.5127279,27.9347585;500;5;;;;;;
46;Житомирська;М-06;Київ - Чоп (на м. Будапешт через мм. Львів, Мукачево і Ужгород);235+100 ;236+10;50.5969634,27.5345034;50.5987325,27.5204942;910;5;;;;;;
47;Житомирська;М-06-01;Східний під’їзд до м. Житомира;2+000;2+400;50.2855931,  28.7721118;50.2854372,  28.7649165;400;4;;;;;;
48;Житомирська;М-21;Виступовичі – Житомир – Могилів-Подільський (через м. Вінницю);167+500 ;168+10;50.3452231,28.690319;50.339919,28.68938;510;4;;;;;;
49;Житомирська;М-21;Виступовичі – Житомир – Могилів-Подільський (через м. Вінницю);223+000;223+400;49.8872301,28.6571528;49.8838666,28.6555245;400;4;;;;;;
50;Житомирська;М-21-01;Північний під’їзд до м. Бердичева;2+160;2+760;49.9313881, 28.6042880;49.9260808, 28.6027146;600;5;;;;;;
51;Житомирська;Р-18;Житомир – Попільня – Сквира – Володарка – Ставище; 9+400 ;10+100;50.195322,28.7901992;50.1927184,28.7991255;700;4;;;;;;
52;Закарпатська;М-06;Київ – Чоп (на м. Будапешт через мм. Львів, Мукачево і Ужгород);718+000 ;719+000;48.7496592, 23.092939;48.745744, 23.0812703;1000;3;;;;;;
53;Закарпатська;М-06;Київ – Чоп (на м. Будапешт через мм. Львів, Мукачево і Ужгород);727+001;728+000;48.6899943, 23.0399194;48.6832217, 23.0473707;999;4;;;;;;
54;Закарпатська;М-06;Київ – Чоп (на м. Будапешт через мм. Львів, Мукачево і Ужгород);749+000;750+000;48.5611103, 22.954844;48.5570113, 22.9428397;1000;10;;;;;;
55;Закарпатська;М-06;Київ – Чоп (на м. Будапешт через мм. Львів, Мукачево і Ужгород);750+006;751+001;48.5542562, 22.9361845;48.5506039, 22.9319799;995;4;;;;;;
56;Закарпатська;М-06;Київ – Чоп (на м. Будапешт через мм. Львів, Мукачево і Ужгород);760+000;761+000;48.5037002, 22.8497953 ;48.4982601, 22.8392297;1000;3;;;;;;
57;Закарпатська;М-06;Київ – Чоп (на м. Будапешт через мм. Львів, Мукачево і Ужгород);770+000;771+000;48.4684993, 22.7322135;48.4640115, 22.7220816;1000;4;;;;;;
58;Закарпатська;М-06;Київ – Чоп (на м. Будапешт через мм. Львів, Мукачево і Ужгород);773+500;774+500;48.4534777, 22.6929837;48.4523961, 22.6802656;1000;4;;;;;;
59;Закарпатська;М-06;Київ – Чоп (на м. Будапешт через мм. Львів, Мукачево і Ужгород);785+300;768+100;48.4849871, 22.5430285;48.4872769, 22.5325938;800;4;;;;;;
60;Закарпатська;М-06;Київ – Чоп (на м. Будапешт через мм. Львів, Мукачево і Ужгород);805+120;806+000;48.5714288, 22.3441309 ;48.5768876, 22.3355897;880;3;;;;;;
61;Закарпатська;М-08;Обхід м. Ужгорода – контрольно-пропускний пункт “Ужгород”;1+000;2+000;48.588682, 22.329804;48.5975122, 22.327308;1000;5;;;;;;
62;Закарпатська;М-08;Обхід м. Ужгорода – контрольно-пропускний пункт “Ужгород”;7+800;8+200;48.6413732, 22.312915;48.6429214, 22.3081378;400;4;;;;;;
63;Закарпатська;Н-09;Мукачево – Рахів – Богородчани – Івано-Франківськ – Рогатин – Бібрка – Львів;4+100 ;5+000;48.4310192, 22.7676247;48.4314478, 22.779433;900;6;;;;;;
64;Закарпатська;Н-09;Мукачево – Рахів – Богородчани – Івано-Франківськ – Рогатин – Бібрка – Львів;8+000;9+000;48.4111429, 22.7987367;48.4038045, 22.805839;1000;5;;;;;;
65;Закарпатська;Н-09;Мукачево – Рахів – Богородчани – Івано-Франківськ – Рогатин – Бібрка – Львів;14+100;15+000;48.366146, 22.8371906;48.3637989, 22.8487024;900;3;;;;;;
66;Закарпатська;Н-09;Мукачево – Рахів – Богородчани – Івано-Франківськ – Рогатин – Бібрка – Львів;37+000;38+000;48.2768366, 23.0436317;48.2716017, 23.0544389;1000;4;;;;;;
67;Закарпатська;Н-13;Львів – Самбір – Ужгород;226+180;227+050;48.6785644, 22.3955147;48.6706334, 22.3822672;870;3;;;;;;
68;Запорізька;Н-08 ;Бориспіль – Дніпро – Запоріжжя (через м. Кременчук) – Маріуполь;529+100 ;530+100;47.7075801, 35.5570216;47.7047054, 35.5696686;1000;6;;;;;;
69;Івано-Франківська;Н-09;Мукачево –– Рахів –– Богородчани –– Івано-Франківськ –– Рогатин –– Бібрка –– Львів;  255+500   ;256+450;48.5404757, 24.6262841;48.5474376, 24.6202856;950;4;;;;;;
70;Івано-Франківська;Н-09;Мукачево –– Рахів –– Богородчани –– Івано-Франківськ –– Рогатин –– Бібрка –– Львів;278+200;278+800;48.7065462, 24.5328775;48.7108564, 24.5280018;600;4;;;;;;
71;Івано-Франківська;Н-09;Мукачево –– Рахів –– Богородчани –– Івано-Франківськ –– Рогатин –– Бібрка –– Львів;320+600 ;321+282;48.9636685, 24.7038497;48.9696944, 24.7045333;682;4;;;;;;
72;Івано-Франківська;Н-09;Мукачево –– Рахів –– Богородчани –– Івано-Франківськ –– Рогатин –– Бібрка –– Львів;326+500  ;327+200;49.0144053, 24.6947695;49.0199151, 24.6910407;700;3;;;;;;
73;Івано-Франківська;Н-09;Мукачево –– Рахів –– Богородчани –– Івано-Франківськ –– Рогатин –– Бібрка –– Львів;368+100 ;369+100;49.3443033, 24.6020761;49.3528386, 24.6061684;1000;3;;;;;;
74;Івано-Франківська;Н-10;Стрий –– Івано-Франківськ –– Чернівці –– Мамалига (на м. Кишинів);28+200 – ;29+200;49.0226198, 23.8901023;49.0168036, 23.9007725;1000;3;;;;;;
75;Івано-Франківська;Н-10;Стрий –– Івано-Франківськ –– Чернівці –– Мамалига (на м. Кишинів);30+100 –;30+600;49.0111313, 23.9096065;49.0083209, 23.9146481;500;3;;;;;;
76;Івано-Франківська;Н-10;Стрий –– Івано-Франківськ –– Чернівці –– Мамалига (на м. Кишинів);33+050 – ;34+050;48.9944634, 23.9407836;48.9903064, 23.9527772;1000;4;;;;;;
77;Івано-Франківська;Н-10;Стрий –– Івано-Франківськ –– Чернівці –– Мамалига (на м. Кишинів);42+120 –  ;43+100;48.9701121, 24.0533794;48.9731176, 24.0657736;980;3;;;;;;
78;Івано-Франківська;Н-10;Стрий –– Івано-Франківськ –– Чернівці –– Мамалига (на м. Кишинів);53+206 –  ; 54+100;48.9977621, 24.1979008;48.9999293, 24.2099832;894;3;;;;;;
79;Івано-Франківська;Н-10;Стрий –– Івано-Франківськ –– Чернівці –– Мамалига (на м. Кишинів);56+836;57+782;49.0052718, 24.24612625;49.0046668, 24.258997;996;6;;;;;;
80;Івано-Франківська;Н-10;Стрий –– Івано-Франківськ –– Чернівці –– Мамалига (на м. Кишинів);74+000;74+950;49.0256889, 24.4614034;49.0231594, 24.4736818;950;3;;;;;;
81;Івано-Франківська;Н-10;Стрий –– Івано-Франківськ –– Чернівці –– Мамалига (на м. Кишинів);88+350 ;89+350;48.9879872, 24.627837;48.9819435, 24.6384741;1000;3;;;;;;
82;Івано-Франківська;Н-10;Стрий –– Івано-Франківськ –– Чернівці –– Мамалига (на м. Кишинів);111+796 ;112+500;48.8408515, 24.7335733;48.840179, 24.7428768;704;5;;;;;;
83;Івано-Франківська;Н-10;Стрий –– Івано-Франківськ –– Чернівці –– Мамалига (на м. Кишинів);115+500 ;116+100;48.8381454, 24.7830506;48.8367583, 24.790947;600;3;;;;;;
84;Івано-Франківська;Н-10;Стрий –– Івано-Франківськ –– Чернівці –– Мамалига (на м. Кишинів);127+100 ;127+850;48.7621616, 24.8544618;48.7555052, 24.8532404;750;3;;;;;;
85;Івано-Франківська;Н-10;Стрий –– Івано-Франківськ –– Чернівці –– Мамалига (на м. Кишинів);142+537 ;143+000;48.6554087, 24.948013;48.6511612, 24.9484533;463;3;;;;;;
86;Івано-Франківська;Н-10;Стрий –– Івано-Франківськ –– Чернівці –– Мамалига (на м. Кишинів);146+000;146+350;48.6249344, 24.9393489;48.6217761, 24.9384299;350;3;;;;;;
87;Івано-Франківська;Н-10;Стрий –– Івано-Франківськ –– Чернівці –– Мамалига (на м. Кишинів);150+100 ;151+100;48.5925166, 24.9621952;48.5849772, 24.9693609;1000;3;;;;;;
88;Івано-Франківська;Н-10;Стрий –– Івано-Франківськ –– Чернівці –– Мамалига (на м. Кишинів);155+100 ;156+000;48.5636286, 25.0113275;48.559542, 25.0215106;900;3;;;;;;
89;Івано-Франківська;Н-10;Стрий –– Івано-Франківськ –– Чернівці –– Мамалига (на м. Кишинів);158+000;159+000;48.5556993, 25.0474012;48.5519225, 25.0596896;1000;3;;;;;;
90;Івано-Франківська;Н-10;Стрий –– Івано-Франківськ –– Чернівці –– Мамалига (на м. Кишинів);162+200 ;163+117;48.5341208, 25.0919522;48.5285461, 25.1009535;917;3;;;;;;
91;Івано-Франківська;Н-10;Стрий –– Івано-Франківськ –– Чернівці –– Мамалига (на м. Кишинів);173+300 ;174+100;48.4932914, 25.2211382;48.489303, 25.2300614;800;4;;;;;;
92;Івано-Франківська;Н-18; Івано-Франківськ –– Бучач –– Тернопіль;4+000  ;4+947;48.9056434, 24.8185859;48.902769, 24.8292946;947;3;;;;;;
93;Івано-Франківська;Р-24;Татарів – Косів – Коломия – Борщів – Кам’янець-Подільський;72+600;73+600;48.30814899833333;25.075184475;1000;8;;;;;;
94;Івано-Франківська;Р-24;Татарів – Косів – Коломия – Борщів – Кам’янець-Подільський;39+930;40+930;48.305065260000006;25.08742829;1000;2;;;;;;
95;Івано-Франківська;Р-24;Татарів – Косів – Коломия – Борщів – Кам’янець-Подільський;91+950 ;92+100;48.3956739, 24.9818121;48.3968241, 24.9810975;150;3;;;;;;
96;Івано-Франківська;Р-24;Татарів – Косів – Коломия – Борщів – Кам’янець-Подільський;129+249   ;130+114;48.5548092, 25.1127912;48.5556883, 25.1244157;865;3;;;;;;
97;Івано-Франківська;Р-38;Богородчани –– Гута;1+500;  2+200; 48.7837113, 24.501627;48.7858298, 24.4929106;700;3;;;;;;
98;Івано-Франківська;Т-09-06;Івано-Франківськ – Бистриця;18+500  ;19+500;48.7162711, 24.6376523;48.7087917, 24.6307499;1000;4;;;;;;
99;Івано-Франківська;Т-09-06;Івано-Франківськ – Бистриця;21+600;км 22+000;48.6968048, 24.6191943;48.6895876, 24.6128838;940;3;;;;;;
100;Київська;М-03;Київ - Харків - Довжанський  (на м. Ростов-на-Дону);49+000;49+150;50.3075234, 31.0848285;50.3074560, 31.0867619;150;4;;;;;;
101;Київська;М-03;Київ - Харків - Довжанський  (на м. Ростов-на-Дону);58+020 ;58+300;50.3036894, 31.2137515;50.3037094, 31.2152743;280;3;;;;;;
102;Київська;М-03;Київ - Харків - Довжанський  (на м. Ростов-на-Дону);64+100 ;65+100;50.3047595, 31.2965323;50.3039796, 31.3106200;1000;3;;;;;;
103;Київська;М-03;Київ - Харків - Довжанський  (на м. Ростов-на-Дону);103+000 ;104+000;50.2130526, 31.797046;50.2171181, 31.8095397;1000;5;;;;;;
104;Київська;М-05;Київ – Одеса;18+300;19+300;50.3242164, 30.3923636;50.3160627, 30.3859273;1000;10;;;;;;
105;Київська;М-05;Київ – Одеса;28+000 ;29+000;50.2593738, 30.312992;50.254336, 30.3014214;1000;3;;;;;;
106;Київська;М-05;Київ – Одеса;30+500 ;31+200;50.2476159, 30.2830808;50.2426864, 30.2777561;700;5;;;;;;
107;Київська;М-05;Київ – Одеса;34+500;35+400;50.2173486 30.2541519;50.2109453, 30.2467300;900;14;;;;;;
108;Київська;М-05;Київ – Одеса;42+500 ;43+100;50.1546274,  30.2319573;50.1501148, 30.2365162;600;9;;;;;;
109;Київська;М-05;Київ – Одеса;134+000 ;134+800;49.363173, 30.108581;49.3559284, 30.1079864;800;6;;;;;;
110;Київська;М-06;Київ – Чоп (на м. Будапешт через мм. Львів, Мукачево і Ужгород);15+200;16+200;50.4528916, 30.31827992;50.4519038, 30.30414414;1000;3;;;;;;
111;Київська;М-06;Київ – Чоп (на м. Будапешт через мм. Львів, Мукачево і Ужгород);17+600;18+100;50.45051588, 30.28468115;50.4500297, 30.2778247;500;3;;;;;;
112;Київська;М-06;Київ – Чоп (на м. Будапешт через мм. Львів, Мукачево і Ужгород);19+650;20+150;50.4484440, 30.25584722;50.44796618, 30.2490007;500;21;;;;;;
113;Київська;М-06;Київ – Чоп (на м. Будапешт через мм. Львів, Мукачево і Ужгород);34+900 ;35+350;50.4318004, 30.0429772;50.4313411, 30.0367223;450;4;;;;;;
114;Київська;М-06;Київ – Чоп (на м. Будапешт через мм. Львів, Мукачево і Ужгород);46+000 ;46+750;50.4215481, 29.8864712;50.4210183, 29.8774962;750;4;;;;;;
115;Київська;М-07;Київ – Ковель – Ягодин (на м.Люблін);23+400;23+950;50.5534488, 30.2852115;50.5540058, 30.2777669;550;5;;;;;;
116;Київська;М-07;Київ – Ковель – Ягодин (на м.Люблін);44+000;44+300;50.595281, 30.0192697;50.5964707, 30.0170762;300;4;;;;;;
117;Київська;Н-01;Київ – Знам’янка;26+050 ;27+000;50.2503162, 30.5569703;50.2453555, 30.560718;950;3;;;;;;
118;Київська;Н-02;/М-06/ – Кременець – Біла Церква – Ржищів – Канів – Софіївка ;388+510 ;388+510;49.80821733, 30.0053315;49.80821733, 30.0053315;0;6;;;;;;
119;Київська;Н-08;Бориспіль – Дніпро – Запоріжжя – (через м. Кременчук) – Маріуполь;20+400;20+600;50.19187939, 31.12992873;50.19078759, 31.13192746;200;4;;;;;;
120;Київська;Н-08;Бориспіль – Дніпро – Запоріжжя – (через м. Кременчук) – Маріуполь;36+050;36+300;50.1044052, 31.2991695;50.1038033, 31.3002082;250;4;;;;;;
121;Київська;Р-02;P-02 Київ – Іванків – Овруч;28+418;28+700;50.66146421, 30.4037473;50.6638269, 30.4023047;282;4;;;;;;
122;Київська;Р-03;Північно-східний об’їзд м. Києва;11+300 ;12+300;50.3990111, 30.94112128;50.4006170, 30.9272754;1000;6;;;;;;
123;Київська;Р-03;Північно-східний об’їзд м. Києва;14+600;15+220;50.4002779,  30.89491290;50.4019559, 30.8867913;620;6;;;;;;
124;Київська;Р-17;Біла Церква - Тетіїв - Липовець - Гуменне - /М-30/;10+000;11+000;49.70577564, 30.08702305;49.69681464, 30.08619529;1000;7;;;;;;
125;Київська;Р-19;Фастів - Митниця - Обухів - Ржищів;0+100;0+700;50.0664288, 29.9562798;50.0640748, 29.9639307;600;5;;;;;;
126;Київська;Р-69;Р-69 Київ – Вишгород – Десна – Чернігів;27+474 ;28+100;50.586249, 30.520549;50.585206, 30.5293223;626;4;;;;;;
127;Кіровоградська;М-30;Стрий – Умань – Дніпро – Ізварине (через мм. Вінницю, Кропивницький);596+10;596+400;48.6532611,30.7619713;48.6505512,30.7653525;390;6;;;;;;
128;Кіровоградська;М-30;Стрий – Умань – Дніпро – Ізварине (через мм. Вінницю, Кропивницький);596+400;597+377;48.6505512,30.7653525;48.6455235, 30.7757072;977;3;;;;;;
129;Кіровоградська;М-30;Стрий – Умань – Дніпро – Ізварине (через мм. Вінницю, Кропивницький);599+400;600+350;48.6413654,30.8014962;48.6409989,30.8137025;950;3;;;;;;
130;Кіровоградська;М-30;Стрий – Умань – Дніпро – Ізварине (через мм. Вінницю, Кропивницький);611+900;612+200;48.6443724,30.9676749;48.6435988,30.9715752;300;3;;;;;;
131;Кіровоградська;М-30;Стрий – Умань – Дніпро – Ізварине (через мм. Вінницю, Кропивницький);614+550 ;615+020;48.6411662,31.0019465;48.6387584,31.0100854;470;3;;;;;;
132;Кіровоградська;М-30;Стрий – Умань – Дніпро – Ізварине (через мм. Вінницю, Кропивницький);619+100; 620+100;48.6281868,31.0595751;48.6314505,31.0715968;1000;3;;;;;;
133;Кіровоградська;М-30;Стрий – Умань – Дніпро – Ізварине (через мм. Вінницю, Кропивницький);627+030;627+627;48.6122852,31.1586642;48.61002, 31.1616333;597;3;;;;;;
134;Кіровоградська;М-30;Стрий – Умань – Дніпро – Ізварине (через мм. Вінницю, Кропивницький);631+100;631+879;48.589043, 31.1961492;48.5869543,31.205536;779;5;;;;;;
135;Кіровоградська;М-30;Стрий – Умань – Дніпро – Ізварине (через мм. Вінницю, Кропивницький);665+000; 665+300;48.5381792,31.6279999;48.5373695,31.6317849;300;4;;;;;;
136;Кіровоградська;М-30;Стрий – Умань – Дніпро – Ізварине (через мм. Вінницю, Кропивницький);678+530 ;679+400;48.5813763,31.7956414;48.5817294,31.8074243;1070;4;;;;;;
137;Кіровоградська;М-30;Стрий – Умань – Дніпро – Ізварине (через мм. Вінницю, Кропивницький);683+012;684+000;48.5702195,31.8530622;48.5644021,31.8600277;988;3;;;;;;
138;Кіровоградська;М-30;Стрий – Умань – Дніпро – Ізварине (через мм. Вінницю, Кропивницький);684+000 ;685+000;48.5644021,31.8600277;48.5584153,31.8701218;1000;4;;;;;;
139;Кіровоградська;М-30;Стрий – Умань – Дніпро – Ізварине (через мм. Вінницю, Кропивницький);685+000;686+000;48.5584153, 31.8701218;48.5532057,31.8811509;1000;3;;;;;;
140;Кіровоградська;М-30;Стрий – Умань – Дніпро – Ізварине (через мм. Вінницю, Кропивницький);700+100;701+000;48.5170813,32.0591012;48.5169765, 32.071259;900;4;;;;;;
141;Кіровоградська;М-30;Стрий – Умань – Дніпро – Ізварине (через мм. Вінницю, Кропивницький);702+000;703+000;48.5167175, 32.0847832;48.5173865,32.0982702;1000;4;;;;;;
142;Кіровоградська;М-30;Стрий – Умань – Дніпро – Ізварине (через мм. Вінницю, Кропивницький);713+200;714+185;48.5586205,32.1854275;48.5660219,32.1930262;985;3;;;;;;
143;Кіровоградська;М-30;Стрий – Умань – Дніпро – Ізварине (через мм. Вінницю, Кропивницький);718+000 ;718+936;48.5894409, 32.229627;48.5939739,32.2403153;936;4;;;;;;
144;Кіровоградська;М-30;Стрий – Умань – Дніпро – Ізварине (через мм. Вінницю, Кропивницький);724+000;724+600;48.5796313,32.2760166;48.574718,32.2788487;600;3;;;;;;
145;Кіровоградська;М-30;Стрий – Умань – Дніпро – Ізварине (через мм. Вінницю, Кропивницький);728+000;729+000;48.5494928,32.30468;48.5446837,32.3110581;1000;3;;;;;;
146;Кіровоградська;М-30;Стрий – Умань – Дніпро – Ізварине (через мм. Вінницю, Кропивницький);729+000 ;730+000;48.5446837,32.3110581;48.5490995,32.3228043;1000;5;;;;;;
147;Кіровоградська;М-30;Стрий – Умань – Дніпро – Ізварине (через мм. Вінницю, Кропивницький);766+001;766+209;48.736055, 32.6837508;48.735481,32.6850467;208;3;;;;;;
148;Кіровоградська;М-30;Стрий – Умань – Дніпро – Ізварине (через мм. Вінницю, Кропивницький);783+230 ;784+192;48.6786258,32.8791326;48.6757744,32.8911486;960;3;;;;;;
149;Кіровоградська;М-30;Стрий – Умань – Дніпро – Ізварине (через мм. Вінницю, Кропивницький);787+289;788+289;48.6730806, 32.9395606;48.6730806,32.9395606;1000;5;;;;;;
150;Кіровоградська;М-30;Стрий – Умань – Дніпро – Ізварине (через мм. Вінницю, Кропивницький);820+200;821+200;48.6277961,33.3347742;48.6233337,33.3465956;1000;3;;;;;;
151;Кіровоградська;М-30;Стрий – Умань – Дніпро – Ізварине (через мм. Вінницю, Кропивницький);650+001;650+370;48.5631461 31.43068335;48.56400887066666 31.435577066;369;3;;;;;;
152;Кіровоградська;М-30;Стрий – Умань – Дніпро – Ізварине (через мм. Вінницю, Кропивницький);768+001;769+001;48.72791209 32.70626946;48.72482032 32.71863891;1000;3;;;;;;
153;Кіровоградська;М-30;Стрий – Умань – Дніпро – Ізварине (через мм. Вінницю, Кропивницький);799+020;799+500;48.67013246133333 33.079142430000005 ;48.665990306 33.08098817933333;480;5;;;;;;
154;Кіровоградська;М-30;Стрий – Умань – Дніпро – Ізварине (через мм. Вінницю, Кропивницький);800+100;801+100;48.661206142 33.084778916000005 ;48.657614636 33.096274515333334;1000;3;;;;;;
155;Кіровоградська;М-30;Стрий – Умань – Дніпро – Ізварине (через мм. Вінницю, Кропивницький);803+200;804+200;48.654731041999995 33.124372875999995;48.65467043 33.138090174;1000;4;;;;;;
156;Кіровоградська;М-30;Стрий – Умань – Дніпро – Ізварине (через мм. Вінницю, Кропивницький);811+616;812+100;48.65803404 33.22916414;48.655783047999996 33.234662615333335 ;484;5;;;;;;
157;Кіровоградська;Н-14;Олександрівка – Кропивницький – Миколаїв;1+400;2+001;48.9695882,32.2438188;48.9655289,32.2488508;601;3;;;;;;
158;Кіровоградська;Н-14;Олександрівка – Кропивницький – Миколаїв;5+600;6+100;48.9498117,32.229117;48.9457627,32.2280742;500;4;;;;;;
159;Кіровоградська;Н-14;Олександрівка – Кропивницький – Миколаїв;23+011;24+002;48.7984945, 32.2511045;48.7905073,32.2436218;991;3;;;;;;
160;Кіровоградська;Н-14;Олександрівка – Кропивницький – Миколаїв;44+000;45+000;48.61462291 32.23359192;48.60565461 32.23318468;1000;3;;;;;;
161;Кіровоградська;null;Південний об’їзд м. Кропивницького;3+000;3+302;48.4758801,32.1666405;48.4733456,32.1680728;302;4;;;;;;
162;Кіровоградська;Н-23; Кропивницький – Кривий Ріг – Запоріжжя;27+005;27+800;48.378237,32.6323243;48.3764421,32.6353463;795;3;;;;;;
163;Кіровоградська;Н-24;Благовіщенське – Миколаїв (через м. Вознесенськ);5+220 ;6+100;48.3839315,30.3252406;48.3825093,30.3370513;880;4;;;;;;
164;Львівська;М-06;Київ - Чоп (на м. Будапешт через мм. Львів, Мукачево і Ужгород);437+000 ;437+600;50.089647425.1733271;50.0843343, 25.1719115;600;3;;;;;;
165;Львівська;М-06;Київ - Чоп (на м. Будапешт через мм. Львів, Мукачево і Ужгород);439+613 ;440+100;50.0679908, 25.1624822;50.066358, 25.1564424;487;5;;;;;;
166;Львівська;М-06;Київ - Чоп (на м. Будапешт через мм. Львів, Мукачево і Ужгород);450+000 ;451+000;49.9858159, 25.1006527;49.979381725.0909244;1000;4;;;;;;
167;Львівська;М-06;Київ - Чоп (на м. Будапешт через мм. Львів, Мукачево і Ужгород);454+400 ;454+900;49.9652786, 25.0497286;49.963514, 25.0431015;500;4;;;;;;
168;Львівська;М-06;Київ - Чоп (на м. Будапешт через мм. Львів, Мукачево і Ужгород);486+000;487+000;49.98463502365832, 24.644294297167253;49.98187044570875, 24.631125127734155;1000;5;;;;;;
169;Львівська;М-06;Київ - Чоп (на м. Будапешт через мм. Львів, Мукачево і Ужгород);488+000 ;489+000;49.9806415, 24.617311;49.9785435, 24.604049;1000;4;;;;;;
170;Львівська;М-06;Київ - Чоп (на м. Будапешт через мм. Львів, Мукачево і Ужгород);491+850;492+800;49.9620506, 24.5755731;49.9633815, 24.5626188;950;3;;;;;;
171;Львівська;М-06;Київ - Чоп (на м. Будапешт через мм. Львів, Мукачево і Ужгород);498+100;499+000;49.9690652, 24.4929872;49.9710811, 24.4809309;900;7;;;;;;
172;Львівська;М-06;Київ - Чоп (на м. Будапешт через мм. Львів, Мукачево і Ужгород);506+000 ;507+000;49.9631674, 24.3950525;49.9559602, 24.3875842;1000;5;;;;;;
173;Львівська;М-06;Київ - Чоп (на м. Будапешт через мм. Львів, Мукачево і Ужгород);511+000 ;511+387;49.9248528, 24.3630304;49.9215683, 24.3617701;387;4;;;;;;
174;Львівська;М-06;Київ - Чоп (на м. Будапешт через мм. Львів, Мукачево і Ужгород);511+747;512+000;49.91977,24.3578459;49.9192523,24.3542508;253;3;;;;;;
175;Львівська;М-06;Київ - Чоп (на м. Будапешт через мм. Львів, Мукачево і Ужгород);515+000 ;516+000;49.922056, 24.3141622;49.921085624.3004361;1000;4;;;;;;
176;Львівська;М-06;Київ - Чоп (на м. Будапешт через мм. Львів, Мукачево і Ужгород);517+200 ;518+200;49.9208084, 24.2835158;49.918632, 24.2704702;1000;4;;;;;;
177;Львівська;М-06;Київ - Чоп (на м. Будапешт через мм. Львів, Мукачево і Ужгород);518+800;519+550;49.9161975, 24.2631042;49.9151853, 24.2528973;750;4;;;;;;
178;Львівська;М-06;Київ - Чоп (на м. Будапешт через мм. Львів, Мукачево і Ужгород);521+000 ;521+600;49.9161834, 24.2327267;49.9165894, 24.2243077;600;3;;;;;;
179;Львівська;М-06;Київ - Чоп (на м. Будапешт через мм. Львів, Мукачево і Ужгород);522+500 ;523+500;49.9171942, 24.2118313;49.9174752, 24.1979615;1000;4;;;;;;
180;Львівська;М-06;Київ - Чоп (на м. Будапешт через мм. Львів, Мукачево і Ужгород);535+850;536+564;49.846513524.1692494;49.8403982, 24.16729;714;3;;;;;;
181;Львівська;М-06;Київ - Чоп (на м. Будапешт через мм. Львів, Мукачево і Ужгород);560+800 ;561+200;49.7049875, 23.9994377;49.7017343, 24.0015238;400;3;;;;;;
182;Львівська;М-06;Київ - Чоп (на м. Будапешт через мм. Львів, Мукачево і Ужгород);563+850 ;564+300;49.6782688, 24.0037953;49.6743626, 24.0025991;450;3;;;;;;
183;Львівська;М-06;Київ - Чоп (на м. Будапешт через мм. Львів, Мукачево і Ужгород);564+300 ;565+299;49.6743626, 24.0025991;49.6655952, 24.0029556;999;5;;;;;;
184;Львівська;М-06;Київ - Чоп (на м. Будапешт через мм. Львів, Мукачево і Ужгород);574+847 ;575+300;49.5815536, 23.995751;49.5777233, 23.9936905;453;3;;;;;;
185;Львівська;М-06;Київ - Чоп (на м. Будапешт через мм. Львів, Мукачево і Ужгород);578+100 ;578+960;49.5536341, 23.9847898;49.549162623.9750973;860;3;;;;;;
186;Львівська;М-06;Київ - Чоп (на м. Будапешт через мм. Львів, Мукачево і Ужгород);580+40 ;580+850;49.5429817, 23.957694;49.540167123.9538074;810;4;;;;;;
187;Львівська;М-06;Київ - Чоп (на м. Будапешт через мм. Львів, Мукачево і Ужгород);584+100 ;585+100;49.5127064, 23.9571026;49.5057884, 23.9656952;1000;5;;;;;;
188;Львівська;М-06;Київ - Чоп (на м. Будапешт через мм. Львів, Мукачево і Ужгород);589+20 ;589+900;49.4755369, 23.9561155;49.469288223.9559574;880;3;;;;;;
189;Львівська;М-06;Київ - Чоп (на м. Будапешт через мм. Львів, Мукачево і Ужгород);591+150 ;591+900;49.4581785, 23.9554312;49.451293823.9545361;750;5;;;;;;
190;Львівська;М-06;Київ - Чоп (на м. Будапешт через мм. Львів, Мукачево і Ужгород);599+050;599+990;49.38902611298661, 23.942652840267588;49.38100179428317, 23.937754241311982;940;3;;;;;;
191;Львівська;М-06;Київ - Чоп (на м. Будапешт через мм. Львів, Мукачево і Ужгород);601+824 ;602+700;49.365757, 23.9284243;49.3584683, 23.9239695;876;3;;;;;;
192;Львівська;М-06;Київ - Чоп (на м. Будапешт через мм. Львів, Мукачево і Ужгород);605+000 ;605+600;49.3392508, 23.9122413;49.334212123.9091588;600;4;;;;;;
193;Львівська;М-06;Київ - Чоп (на м. Будапешт через мм. Львів, Мукачево і Ужгород);608+001 ;609+000;49.3132972, 23.8962992;49.305890423.8917622;999;4;;;;;;
194;Львівська;М-06;Київ - Чоп (на м. Будапешт через мм. Львів, Мукачево і Ужгород);611+200;612+010;49.2875371,23.8803787;49.2809498,23.876235;810;6;;;;;;
195;Львівська;М-06;Київ - Чоп (на м. Будапешт через мм. Львів, Мукачево і Ужгород);613+200 ;613+750;49.271769, 23.8747125;49.268167223.8738138;550;3;;;;;;
196;Львівська;М-06;Київ - Чоп (на м. Будапешт через мм. Львів, Мукачево і Ужгород);614+550 ;615+100;49.2626868, 23.8710868;49.258813, 23.8666296;550;3;;;;;;
197;Львівська;М-06;Київ - Чоп (на м. Будапешт через мм. Львів, Мукачево і Ужгород);615+100 ;616+100;49.258813, 23.8666296;49.2507941, 23.8602809;1000;4;;;;;;
198;Львівська;М-06;Київ - Чоп (на м. Будапешт через мм. Львів, Мукачево і Ужгород);618+070 ;619+000;49.2360563, 23.8345547;49.2345618, 23.8311658;930;7;;;;;;
199;Львівська;М-06;Київ - Чоп (на м. Будапешт через мм. Львів, Мукачево і Ужгород);621+010 ;622+000;49.2225477, 23.8097335;49.2200629, 23.7982479;990;4;;;;;;
200;Львівська;М-06;Київ - Чоп (на м. Будапешт через мм. Львів, Мукачево і Ужгород);624+900;625+900;49.201987448923724, 23.769545348724055;49.19596840637037, 23.75975838594882;1000;3;;;;;;
201;Львівська;М-06;Київ - Чоп (на м. Будапешт через мм. Львів, Мукачево і Ужгород);627+110;628+110;49.1877885, 23.7484344;49.1809321, 23.7395777;1000;1;;;;;;
202;Львівська;М-06;Київ - Чоп (на м. Будапешт через мм. Львів, Мукачево і Ужгород);644+500;645+100;49.0988578,23.5888396;49.093604,23.5860904;600;3;;;;;;
203;Львівська;М-06;Київ - Чоп (на м. Будапешт через мм. Львів, Мукачево і Ужгород);651+100 ;652+010;49.0531004, 23.5335573;49.0479589, 23.5227124;910;4;;;;;;
204;Львівська;М-06;Київ - Чоп (на м. Будапешт через мм. Львів, Мукачево і Ужгород);672+420;673+005;48.9486916, 23.3382042;48.9444829, 23.3347647;585;1;;;;;;
205;Львівська;М-06;Київ - Чоп (на м. Будапешт через мм. Львів, Мукачево і Ужгород);676+350 ;677+100;48.9211016, 23.308424;48.9161627, 23.3014862;750;3;;;;;;
206;Львівська;М-06;Київ - Чоп (на м. Будапешт через мм. Львів, Мукачево і Ужгород);682+600;683+600;48.8821122,23.2831991;48.8865610,23.2724494;1000;4;;;;;;
207;Львівська;М-06;Київ - Чоп (на м. Будапешт через мм. Львів, Мукачево і Ужгород);700+438 ;700+930;48.8687602, 23.1328056;48.8654715, 23.1290956;492;4;;;;;;
208;Львівська;null;Східний під’їзд до м. Львова;2+700 ;3+500;49.8921308, 24.1009638;49.8897241, 24.0902733;800;6;;;;;;
209;Львівська;М-09 ;Тернопіль – Львів – Рава-Руська (на м. Люблін);44+100 ;44+700;49.7409031, 25.0395362;49.7435659, 25.0320648;600;4;;;;;;
210;Львівська;М-09 ;Тернопіль – Львів – Рава-Руська (на м. Люблін);51+500;52+500;49.77687573226265, 24.960607474214893;49.778980423423825, 24.947337897155187;1000;3;;;;;;
211;Львівська;М-09 ;Тернопіль – Львів – Рава-Руська (на м. Люблін);53+000 ;53+010;49.780130224.9405092;49.7803404, 24.9393401;10;3;;;;;;
212;Львівська;М-09 ;Тернопіль – Львів – Рава-Руська (на м. Люблін);54+350 ;55+100;49.786487924.9248642;49.7891706, 24.9153507;750;3;;;;;;
213;Львівська;М-09 ;Тернопіль – Львів – Рава-Руська (на м. Люблін);57+140;57+950;49.7957564,24.8886807;49.7994829,24.879289;810;;;;;;;
214;Львівська;М-09 ;Тернопіль – Львів – Рава-Руська (на м. Люблін);58+230 ;59+100;49.8009282, 24.8760731;49.80546524.8661494;870;5;;;;;;
215;Львівська;М-09 ;Тернопіль – Львів – Рава-Руська (на м. Люблін);65+700;66+250;49.8051924,24.7752496;49.8050238,24.7673842;550;3;;;;;;
216;Львівська;М-09 ;Тернопіль – Львів – Рава-Руська (на м. Люблін);71+700;72+506;49.80043403416521, 24.692928297156474;49.79855690801322, 24.681952797156338;806;5;;;;;;
217;Львівська;М-09 ;Тернопіль – Львів – Рава-Руська (на м. Люблін);101+100 ;101+600;49.7911828, 24.3201247;49.7914253, 24.3130966;500;3;;;;;;
218;Львівська;М-09 ;Тернопіль – Львів – Рава-Руська (на м. Люблін);109+850 ;110+050;49.8147275, 24.2059272;49.8155938, 24.1971887;200;3;;;;;;
219;Львівська;М-09 ;Тернопіль – Львів – Рава-Руська (на м. Люблін);131+000 ;132+000;49.8883284, 24.0592878;49.897213124.0574578;1000;4;;;;;;
220;Львівська;М-09 ;Тернопіль – Львів – Рава-Руська (на м. Люблін);134+000 ;135+000;49.9149624, 24.0534047;49.9239449, 24.0530589;1000;4;;;;;;
221;Львівська;М-09 ;Тернопіль – Львів – Рава-Руська (на м. Люблін);142+100 ;143+001;49.9827013, 24.0748003;49.989959, 24.0664763;901;3;;;;;;
222;Львівська;М-09 ;Тернопіль – Львів – Рава-Руська (на м. Люблін);158+100 ;158+966;50.076518, 23.9330856;50.0830054, 23.9273618;866;3;;;;;;
223;Львівська;М-09 ;Тернопіль – Львів – Рава-Руська (на м. Люблін);179+800 ;180+100;50.2052959, 23.713508;50.2063537, 23.7101678;300;3;;;;;;
224;Львівська;М-09 ;Тернопіль – Львів – Рава-Руська (на м. Люблін);186+346 ;187+000;50.2302405, 23.6307518;50.2323982, 23.6222695;654;3;;;;;;
225;Львівська;М-10;Львів – Краковець (на м. Краків);12+000 ;12+850;49.8772915, 23.8627279;49.8790481, 23.8514587;850;4;;;;;;
226;Львівська;М-10;Львів – Краковець (на м. Краків);22+500;23+500;49.91677510681595, 23.735449418588555;49.92220393284235, 23.728657249321873;1000;4;;;;;;
227;Львівська;М-10;Львів – Краковець (на м. Краків);27+800 ;28+800;49.9226535, 23.6691014;49.9238514, 23.6555233;1000;3;;;;;;
228;Львівська;М-10;Львів – Краковець (на м. Краків);28+800 ;29+700;49.9238514, 23.6555233;49.9249723, 23.64277;900;3;;;;;;
229;Львівська;М-10;Львів – Краковець (на м. Краків);41+000 ;41+733;49.910934, 23.490272;49.9091921, 23.4804382;733;3;;;;;;
230;Львівська;М-10;Львів – Краковець (на м. Краків);42+800;43+550;49.9079095, 23.4657994;49.9079665, 23.4639078;750;5;;;;;;
231;Львівська;М-10;Львів – Краковець (на м. Краків);54+000 ;54+300;49.9356215, 23.3270768;49.9362094, 23.3230909;300;3;;;;;;
232;Львівська;М-10;Львів – Краковець (на м. Краків);62+500 ;62+500 ;49.955032923.2159178;49.9559684, 23.2027105;948;4;;;;;;
233;Львівська;null;Західний об’їзд м. Львова;0+050;1+001;49.863892, 23.8983548;49.858567, 23.8978401;951;5;;;;;;
234;Львівська;null;Західний об’їзд м. Львова;11+400 ;12+180;49.7826585, 23.9617346;49.7795835, 23.9713317;780;4;;;;;;
235;Львівська;М-11 ;Львів – Шегині (на м. Краків);24+000;25+000;49.92114143852501, 23.721684916807703;49.91988386364606, 23.70791348944155;1000;4;;;;;;
236;Львівська;М-11 ;Львів – Шегині (на м. Краків);30+000;30+300;49.7814741,23.6306702;49.7814398,23.6264747;300;3;;;;;;
237;Львівська;М-11 ;Львів – Шегині (на м. Краків);42+500 ;43+000;49.7892145, 23.4609929;49.7890112, 23.4539869;500;3;;;;;;
238;Львівська;М-11 ;Львів – Шегині (на м. Краків);49+700 ;50+100;49.8018996, 23.3655102;49.8033057, 23.3599446;400;4;;;;;;
239;Львівська;М-11 ;Львів – Шегині (на м. Краків);50+570;51+500;49.80349427732629, 23.354004551031558;49.801339660603205, 23.341281997457976;930;3;;;;;;
240;Львівська;М-11 ;Львів – Шегині (на м. Краків);58+700 ;59+400;49.8016148, 23.2448445;49.8022384, 23.2351412;700;3;;;;;;
241;Львівська;М-11 ;Львів – Шегині (на м. Краків);62+100 ;62+720;49.8023274, 23.1981768;49.7972711, 23.1945376;620;5;;;;;;
242;Львівська;М-11 ;Львів – Шегині (на м. Краків);63+500 ;64+000;49.7942279, 23.1848005;49.7923966, 23.1786108;500;3;;;;;;
243;Львівська;М-11 ;Львів – Шегині (на м. Краків);69+700 ;70+100;49.8016695, 23.1030352;49.8026226, 23.0977162;400;3;;;;;;
244;Львівська;М-11 ;Львів – Шегині (на м. Краків);71+347 ;72+200;49.804689, 23.0804665;49.8044235, 23.0690146;853;3;;;;;;
245;Львівська;М-11 ;Львів – Шегині (на м. Краків);73+100 ;74+000;49.8039063, 23.0561276;49.8017217, 23.0445445;900;3;;;;;;
246;Львівська;М-11 ;Львів – Шегині (на м. Краків);80+358;80+700;49.79899804478663, 22.95810451020018;49.799597594852365, 22.95364924163169;342;3;;;;;;
247;Львівська;Н-09;Мукачево – Рахів – Богородчани – Івано-Франківськ – Рогатин – Бібрка – Львів;422+000;423+000;49.68268523855941, 24.252715012507014;49.68906344339393, 24.24328159349579;1000;3;;;;;;
248;Львівська;Н-09;Мукачево – Рахів – Богородчани – Івано-Франківськ – Рогатин – Бібрка – Львів;425+000;426+000;49.7033527,24.2270501;49.7101759,24.2181026;1000;3;;;;;;
249;Львівська;Н-09;Мукачево – Рахів – Богородчани – Івано-Франківськ – Рогатин – Бібрка – Львів;431+200 ;431+500;49.7401586, 24.1672411;49.7423757, 24.1652829;300;3;;;;;;
250;Львівська;Н-09;Мукачево – Рахів – Богородчани – Івано-Франківськ – Рогатин – Бібрка – Львів;432+000;433+000;49.74554136331137, 24.16026731507582;49.74957201818488, 24.147937231894325;1000;3;;;;;;
251;Львівська;Н-09;Мукачево – Рахів – Богородчани – Івано-Франківськ – Рогатин – Бібрка – Львів;435+100 ;435+500;49.7605682, 24.1243227;49.7622604, 24.1199191;400;3;;;;;;
252;Львівська;Н-13;Львів – Самбір – Ужгород;1+100 ;1+700;49.806679, 23.8933249;49.8018147, 23.8906628;600;3;;;;;;
253;Львівська;Н-13;Львів – Самбір – Ужгород;10+100;10+700;49.760053225812456, 23.80348982113449;49.75672854990269, 23.797023512497884;600;5;;;;;;
254;Львівська;Н-13;Львів – Самбір – Ужгород;29+200 ;30+060;49.6961019, 23.575724;49.691751, 23.5573139;860;3;;;;;;
255;Львівська;Н-13;Львів – Самбір – Ужгород;36+570;37+570;49.6590874, 23.4938587;49.6519379, 23.4866396;1000;0;;;;;;
256;Львівська;Н-13;Львів – Самбір – Ужгород;44+650 ;45+350;49.6179186, 23.4053977;49.614814, 23.3974056;700;4;;;;;;
257;Львівська;Н-13;Львів – Самбір – Ужгород;54+350;54+700;49.5636583, 23.3027690;49.5617666, 23.2989978;350;0;;;;;;
258;Львівська;Н-13;Львів – Самбір – Ужгород;77+200 ;78+100;49.4568797, 23.0384135;49.4522628, 23.0287603;900;5;;;;;;
259;Львівська;Н-13;Львів – Самбір – Ужгород;113+050 ;113+100;49.2146816, 23.0105214;49.2180963, 23.0087449;50;3;;;;;;
260;Львівська;Н-13;Львів – Самбір – Ужгород;118+200 ;118+800;49.1820626, 23.0462405;49.1834062, 23.0482638;600;3;;;;;;
261;Львівська;Н-17;Львів – Радехів – Луцьк;2+750 ;3+190;49.9428752, 24.1790043;49.9446203, 24.1846628;440;4;;;;;;
262;Львівська;Н-17;Львів – Радехів – Луцьк;12+750;13+750;50.0059705, 24.2718146;50.0116302, 24.2823312;1000;0;;;;;;
263;Львівська;Н-17;Львів – Радехів – Луцьк;62+330;63+050;50.3391953, 24.6439596;50.3455293, 24.6445149;720;0;;;;;;
264;Львівська;Р-15;Ковель – Володимир-Волинський – Червоноград – Жовква ;124+679;125+200;50.3420089,24.2092212;50.3375699,24.2062666;521;3;;;;;;
265;Львівська;Р-15;Ковель – Володимир-Волинський – Червоноград – Жовква ;125+500 ;126+010;50.3351016, 24.2045502;50.3301077, 24.2020302;510;4;;;;;;
266;Львівська;Р-15;Ковель – Володимир-Волинський – Червоноград – Жовква ;137+161;137+536;50.241758597641144, 24.138177384207683;50.23839412453219, 24.13868515167896;375;4;;;;;;
267;Львівська;Р-15;Ковель – Володимир-Волинський – Червоноград – Жовква ;150+880;151+500;50.133748678639655, 24.053542994743495;50.1286294666761, 24.050569237444037;620;3;;;;;;
268;Львівська;Р-15;Ковель – Володимир-Волинський – Червоноград – Жовква ;151+500 ;152+000;50.1286539, 24.0504989;50.1244543, 24.04786;500;3;;;;;;
269;Львівська;Т-14-01 ;Контрольно-пропускний пункт “Смільниця” – Старий Самбір;16+050 ;17+000;49.5285701, 22.8763429;49.5274415, 22.883181;950;3;;;;;;
270;Львівська;Т-14-02 ;Східниця – Пісочна;2+002 ;2+326;49.2488026, 23.3449963;49.249858823.3450335;324;3;;;;;;
271;Львівська;Т-14-02 ;Східниця – Пісочна;24+001 ;24+500;49.3202431, 23.5382533;49.3209574, 23.5433306;499;3;;;;;;
272;Львівська;Т-14-02 ;Східниця – Пісочна;40+400;41+300;49.4162907,23.6928574;49.4151663,23.7026591;900;3;;;;;;
273;Львівська;Т-14-16 ;Львів – Пустомити – Мединичі;4+990;5+920;49.791037, 23.978672;49.78441166, 23.9720903;930;4;;;;;;
274;Львівська;Т-14-16 ;Львів – Пустомити – Мединичі;12+000 ;12+960;49.7473561, 23.918018;49.7410482, 23.9089818;960;5;;;;;;
275;Львівська;Т-14-16 ;Львів – Пустомити – Мединичі;22+700;23+000;49.6647166,23.8784156;49.6619859,23.8775365;300;5;;;;;;
276;Львівська;Т-14-18;Нижанковичі-Самбір-Дрогобич-Стрий;88+200;89+150;49.351677423495815, 23.591364709494993;49.35041839860486, 23.603822627102943;950;3;;;;;;
277;Львівська;Р-84 (Т-14-19) ;Бібрка – Кам’янка-Бузька – Жовква – Городок – Миколаїв – Жидачів – Калуш – Буштин (Миколаїв – Жидачів – Калуш);205+400 (10+001) ;206+394 (10+009);49.44023505,4.07000769888889; 49.43289734,24.07034058;993;3;;;;;;
278;Одеська;М-15;Одеса – Рені (на м. Бухарест);16+661 ;  16+761;46.474807, 30.556796;46.474291, 30.555493;100;12;;;;;;
279;Одеська;М-15;Одеса – Рені (на м. Бухарест);39+025 ;40+025;46.418704, 30.285651  ;46.415081, 30.274078;1000;6;;;;;;
280;Одеська;М-15;Одеса – Рені (на м. Бухарест);51+150 ;52+020;46.420122, 30.175460 ;46.413573, 30.170732;900;3;;;;;;
281;Одеська;М-15;Одеса – Рені (на м. Бухарест);95+600;96+500;46.1377868, 29.91425163;46.134917, 29.903137;900;18_4;;;;;;
282;Одеська;М-15;Одеса – Рені (на м. Бухарест);120+010;120+810;46.005419, 29.686819;45.9985026, 29.6891907;800;3;;;;;;
283;Одеська;М-15;Одеса – Рені (на м. Бухарест);125+140 ;126+030;45.9602275, 29.6951609;45.9521728, 29.6960283;890;3;;;;;;
284;Одеська;М-15;Одеса – Рені (на м. Бухарест);140+001;140+100;  45.8447161, 29.6436116;45.8441984, 29.6424880;99;4_1;;;;;;
285;Одеська;М-15;Одеса – Рені (на м. Бухарест);141+218;142+180;45.8426268, 29.6287765;45.8359781, 29.620928;962;9;;;;;;
286;Одеська;М-15;Одеса – Рені (на м. Бухарест);189+500 ;190+300;45.704554, 29.075590;45.701055, 29.066986;800;3;;;;;;
287;Одеська;М-15;Одеса – Рені (на м. Бухарест);229+500 ;230+500;45.406423, 28.866107;45.398448, 28.859768;1000;3;;;;;;
288;Одеська;М-15;Одеса – Рені (на м. Бухарест);237+400 ;237+650;45.371192, 28.785963;45.372997, 28.784024;250;3;;;;;;
289;Одеська;М-15;Одеса – Рені (на м. Бухарест);271+200 ;271+500;45.325577, 28.455074;45.324228, 28.452142;300;4;;;;;;
290;Одеська;М-15;Одеса – Рені (на м. Бухарест);181+001 ;181+700;45.7305374,29.1793977;45.7297252,29.1720244;699;3;;;;;;
291;Одеська;М-28 ;Одеса – Южне – (Об'їзд м. Одеси);9+830;10+700;46.556630, 30.718941;46.557411, 30.708024;870;4;;;;;;
292;Одеська;Н-33 ;Н-33 Одеса – Білгород-Дністровський – Монаші – /М-15/ з під’їздом до порту Чорноморськ;9+012;10+001;46.4191461, 30.5984086;46.4109776, 30.593914;989;5;;;;;;
293;Одеська;Р-55 ;Одеса – Вознесенськ – Новий Буг;13+505;14+505;46.8102070, 30.9564372;46.819094, 30.954476;1000;3;;;;;;
294;Одеська;Т-16-09 ;/Н-33/ – Сухий Лиман – /М-27/;2+750;3+400;46.4171921, 30.62951;46.4111816, 30.6307769;650;3;;;;;;
295;Одеська;М-27 ;Одеса - Чорноморськ;12+200;12+500;46.3892199, 30.6617103;46.3872955, 30.6590754;300;23_1;;;;;;
296;Полтавська;М-03;Київ - Харків - Довжанський (на м. Ростов-на-Дону);346+000 ;345+500  ;49.5580246, 34.6001583;49.5591690, 34.6066740 ;500;6;;;;;;
297;Полтавська;М-22;Полтава – Олександрія ;5+000 ;6+000;49.5294254, 34.4756570;49.525279, 34.463659;1000;8;;;;;;
298;Полтавська;М-22;Полтава – Олександрія ;87+000;88+000;49.127749, 33.657177;49.130009, 33.6439912;1000;3;;;;;;
299;Полтавська;М-22;Полтава – Олександрія ;88+000 ;89+000;49.130009, 33.6439912;49.1278617, 33.6310369;1000;6;;;;;;
300;Полтавська;М-22;Полтава – Олександрія ;94+650 ;95+350;49.1073647, 33.5709221;49.1048507, 33.5631135;700;3;;;;;;
301;Полтавська;Н-12;Суми – Полтава з обходом м. Сум;168+450;169+450;49.7049071 34.5523636;49.6957694 34.5545462;1000;3;;;;;;
302;Полтавська;Р-60;Кролевець – Конотоп – Ромни – Пирятин;168+100;169+100;50.4093253 33.3443644;50.4027670 33.3353218;1000;7;;;;;;
303;Полтавська;Р-60;Кролевець – Конотоп – Ромни – Пирятин;189+000;189+500;50.2884014, 33.1334348;50.2847677, 33.1289658;500;4;;;;;;
304;Полтавська;Р-60;Кролевець – Конотоп – Ромни – Пирятин;216+900;217+300;50.2521472, 32.7871284;50.2531213, 32.781943;400;3;;;;;;
305;Рівненська;М-06 ;Київ – Чоп (на м. Будапешт через мм. Львів, Мукачево і Ужгород);393+950;394+000;50.2980342, 25.6169486;50.2976514, 25.6167244;50;3;;;;;;
306;Сумська;М-02;Кіпті –– Глухів –– Бачівськ (на м. Брянськ);167+375 ;168+100;51.5282758, 33.3955235;51.5307764, 33.4050651;725;3;;;;;;
307;Сумська;Н-07;Київ –– Суми –– Юнаківка (на м. Курськ);261+500;262+100;50.8031846, 34.3008506;50.8036332, 34.3093243;600;3;;;;;;
308;Сумська;Н-07;Київ –– Суми –– Юнаківка (на м. Курськ);283+050 ;284+000;50.8258386, 34.5925287;50.826281, 34.605811;950;3;;;;;;
309;Сумська;Н-12;Суми –– Полтава з об’їздом м. Сум;22+100 ;23+100;50.7807968, 34.9354945;50.7735902, 34.9437503;1000;3;;;;;;
310;Сумська;Н-12;Суми –– Полтава з об’їздом м. Сум;65+050 ;65+600;50.4217945, 34.9342572;50.4209095, 34.9340054;550;4;;;;;;
311;Сумська;Н-12;Обхід м. Суми;10+522;10+702;50.8311454, 34.8116484;50.8314198, 34.8091306;180;3;;;;;;
312;Тернопільська;М-09;Тернопіль – Львів – Рава-Руська (на м. Люблін);10+670;11+000;49.5996515/25.42647288;49.60145907/25.42241477;330;3;;;;;;
313;Тернопільська;М-09;Тернопіль – Львів – Рава-Руська (на м. Люблін);11+030 ;11+450;49.6016647, 25.4219611;49.6036787, 25.4173428;420;4;;;;;;
314;Тернопільська;М-09;Тернопіль – Львів – Рава-Руська (на м. Люблін);11+800 ;12+152;49.6052701, 25.4133916;49.6068724, 25.4092076;352;4;;;;;;
315;Тернопільська;М-09;Тернопіль – Львів – Рава-Руська (на м. Люблін);22+700;23+080;49.6333807/25.2714402;49.6345074/25.2660724;380;3;;;;;;
316;Тернопільська;М-19 ;Доманове - Ковель - Чернівці -Тереблече;340+000;341+000;49.4002423/25.8511783;49.15021922/25.652752;1000;3;;;;;;
317;Тернопільська;М-19 ;Доманове - Ковель - Чернівці -Тереблече;374+930;375+600;49.1553416,25.8511783;49.15021922,25.8551628;670;4;;;;;;
318;Тернопільська;М-19 ;Доманове - Ковель - Чернівці -Тереблече;397+000 ;397+498;48.9811434/25.8210234;48.9767746/25.8216142;498;3;;;;;;
319;Тернопільська;М-30;Стрий – Умань – Дніпро – Ізварине (через мм. Вінницю, Кропивницький);159+700 ;159+830;49.5308151, 25.7149727;49.5308524, 25.7167421;130;3;;;;;;
320;Тернопільська;Н-18;Івано-Франківськ -Бучач - Тернопіль;37+850 ;38+750;49.082719/25.1562232;49.0842176/25.1656721;900;3;;;;;;
321;Тернопільська;Н-18;Івано-Франківськ -Бучач - Тернопіль;46+700;47+450;49.0827198, 25.1562232;49.0842176, 25.1656721;750;5;;;;;;
322;Харківська;М-03;Київ – Харків – Довжанський (на м. Ростов-на-Дону);413+200;413+413;49.7871102,35.4398003;49.7871239,35.4423967;213;3;;;;;;
323;Харківська;М-03;Київ – Харків – Довжанський (на м. Ростов-на-Дону);415+001;416+000;49.7873515,35.4646567;49.7874962,35.4785486;999;3;;;;;;
324;Харківська;М-03;Київ – Харків – Довжанський (на м. Ростов-на-Дону);416+300 ;417+100;49.7875513, 35.4828556;49.7908303, 35.4923238;800;3;;;;;;
325;Харківська;М-03;Київ – Харків – Довжанський (на м. Ростов-на-Дону);460+000;460+680;49.9813093, 35.9547454;49.9790773, 35.9634699;680;3;;;;;;
326;Харківська;М-03;Київ – Харків – Довжанський (на м. Ростов-на-Дону);461+100 ;462+100;49.9780104, 35.969101;49.9748791, 35.9821299;1000;6;;;;;;
327;Харківська;М-03;Київ – Харків – Довжанський (на м. Ростов-на-Дону);467+000;467+800;49.960606, 36.0464646;49.9582218, 36.0570111;800;3;;;;;;
328;Харківська;М-03;Київ – Харків – Довжанський (на м. Ростов-на-Дону);468+400 ;469+300;49.956263, 36.0648161;49.9547209, 36.0770052;900;4;;;;;;
329;Харківська;М-03;Київ – Харків – Довжанський (на м. Ростов-на-Дону);479+017;479+900;50.0133283, 36.1295469;50.0200728, 36.1300238;883;3;;;;;;
330;Харківська;М-03;Київ – Харків – Довжанський (на м. Ростов-на-Дону);494+700;495+200;50.1004748, 36.2751477;50.0989553, 36.2817217;500;3;;;;;;
331;Харківська;М-03;Київ – Харків – Довжанський (на м. Ростов-на-Дону);502+200;503+200;50.0593195, 36.3560033;50.0516899, 36.3634091;1000;3;;;;;;
332;Харківська;М-03;Київ – Харків – Довжанський (на м. Ростов-на-Дону);503+090 ;503+400;50.046301, 36.3684558;50.0501501, 36.3648507;310;3;;;;;;
333;Харківська;М-03;Київ – Харків – Довжанський (на м. Ростов-на-Дону);510+730;511+400;49.9941112,36.416087;49.9881253,36.4186111;670;3;;;;;;
334;Харківська;М-03;Київ – Харків – Довжанський (на м. Ростов-на-Дону);521+100 ;521+500;49.919246, 36.4691392;49.9171962, 36.4737146;400;4;;;;;;
335;Харківська;М-03;Київ – Харків – Довжанський (на м. Ростов-на-Дону);524+034 ;524+900;49.901988, 36.5055944;49.8979229, 36.5100279;866;3;;;;;;
336;Харківська;М-03;Київ – Харків – Довжанський (на м. Ростов-на-Дону);524+500 ;525+100;49.9008997, 36.5069098;49.8967862, 36.5121663;600;3;;;;;;
337;Харківська;М-03;Київ – Харків – Довжанський (на м. Ростов-на-Дону);533+300;534+010;49.8745551,36.6192317;49.8716249,36.6276716;710;4;;;;;;
338;Харківська;М-03;Київ – Харків – Довжанський (на м. Ростов-на-Дону);535+900;536+300;49.8591247,36.6458961;49.8566942,36.6499866;400;3;;;;;;
339;Харківська;М-03;Київ – Харків – Довжанський (на м. Ростов-на-Дону);539+200 ;539+550;49.8431044, 36.6841005;49.8440589, 36.6884208;350;3;;;;;;
340;Харківська;М-03;Київ – Харків – Довжанський (на м. Ростов-на-Дону);546+200;547+100;49.8079708,36.7534058;49.8012868,36.7604494;900;3;;;;;;
341;Харківська;М-03;Київ – Харків – Довжанський (на м. Ростов-на-Дону);548+000;548+450;49.7947085, 36.7673729;49.7910340, 36.7698002;450;3;;;;;;
342;Харківська;М-03;Київ – Харків – Довжанський (на м. Ростов-на-Дону);582+400 ;583+070;49.5437101, 37.0407348;49.5385101, 37.0459113;670;3;;;;;;
343;Харківська;М-03;Київ – Харків – Довжанський (на м. Ростов-на-Дону);620+001;621+001;49.2488756, 37.2364812;49.2415008, 37.2443221;1000;5;;;;;;
344;Харківська;М-03;Київ – Харків – Довжанський (на м. Ростов-на-Дону);621+001 ;622+001;49.2415009,37.2443222;49.2332006,37.249189;1000;3;;;;;;
345;Харківська;М-03;Київ – Харків – Довжанський (на м. Ростов-на-Дону);624+301;625+002;49.2126557,37.2535797;49.2065081,37.2548911;701;4;;;;;;
346;Харківська;М-03;Київ – Харків – Довжанський (на м. Ростов-на-Дону);625+801 ;626+500;49.1993063, 37.2564427;49.1930883, 37.2579761;670;3;;;;;;
347;Харківська;М-03;Київ – Харків – Довжанський (на м. Ростов-на-Дону);628+001;629+000;49.188919,37.2754569;49.180017,37.2765063;999;4;;;;;;
348;Харківська;М-18;Харків – Сімферополь – Алушта – Ялта;14+885 ;15+860;49.9128478, 36.2007618;49.9109898, 36.1877655;975;6;;;;;;
349;Харківська;М-18;Харків – Сімферополь – Алушта – Ялта;18+965 ;19+010;49.8942651, 36.1557203;49.894045, 36.1553683;45;3;;;;;;
350;Харківська;М-18;Харків – Сімферополь – Алушта – Ялта;21+500;22+495;49.8812523,36.1274306;49.875549,36.1173149;995;3;;;;;;
351;Харківська;М-18;Харків – Сімферополь – Алушта – Ялта;23+000;24+000;49.8724561, 36.111882;49.8654598, 36.1031707;1000;5;;;;;;
352;Харківська;М-18;Харків – Сімферополь – Алушта – Ялта;27+000 ;28+000;49.8442655, 36.0774213;49.8370913, 36.0690828;1000;3;;;;;;
353;Харківська;М-18;Харків – Сімферополь – Алушта – Ялта;49+725 ;50+100;49.7451856, 35.8459388;49.7434846, 35.841288;375;3;;;;;;
354;Харківська;М-18;Харків – Сімферополь – Алушта – Ялта;102+200 ;103+000;49.3973107, 35.4428777;49.3900636, 35.4413474;800;3;;;;;;
355;Харківська;М-18;Харків – Сімферополь – Алушта – Ялта;105+000;105+660;49.3735023, 35.4484611;49.3680822, 35.4514493;660;4;;;;;;
356;Харківська;М-20;Харків – Щербаківка ;15+084 ;15+940;50.1300148, 36.2645373;50.137624, 36.2621893;856;3;;;;;;
357;Харківська;М-29;Харків – Красноград – Перещепине – Дніпро;10+489;11+300;49.8769309,35.9585416 ;49.8695566,35.9590623;811;4;;;;;;
358;Харківська;М-29;Харків – Красноград – Перещепине – Дніпро;92+000;93+000;49.3131174,35.5041371;49.3045584,35.4999473;1000;3;;;;;;
359;Харківська;Н-26;Чугуїв – Мілове (через м. Старобільськ);9+460;10+100;49.7880064,36.7865567;49.7848589,36.7939952;640;3;;;;;;
360;Харківська;Н-26;Чугуїв – Мілове (через м. Старобільськ);42+200;43+120;49.682735508,37.160797078;49.682532142,37.17353271;920;3;;;;;;
361;Харківська;Н-26;Чугуїв – Мілове (через м. Старобільськ);47+500 ;48+200;49.6783969, 37.2289257;49.675425, 37.2377193;700;3;;;;;;
362;Харківська;Н-26;Чугуїв – Мілове (через м. Старобільськ);66+600;67+300;49.6606558, 37.471711;49.661949, 37.4808039;700;4;;;;;;
363;Харківська;Р-46;Харків – Охтирка;0+537 ;1+500;49.975315, 36.1112089;49.9769461, 36.0982941;963;3;;;;;;
364;Харківська;Р-46;Харків – Охтирка;2+698;3+679;49.9798796,36.0821932;49.9842631,36.070345 ;981;5;;;;;;
365;Харківська;Р-46;Харків – Охтирка;6+780 ;7+759;49.997722, 36.0343344;49.9982982, 36.0207276;979;4;;;;;;
366;Харківська;Р-46;Харків – Охтирка;9+768 ;10+720;50.0097893, 36.0000202;50.0158854, 35.990719;925;4;;;;;;
367;Харківська;Р-46;Харків – Охтирка;13+500;14+397;50.0297458,35.9642626;50.0313204,35.9522096;897;4;;;;;;
368;Харківська;Р-46;Харків – Охтирка;16+837 ;17+317;50.0407784, 35.9232209;50.0425408, 35.9172348;480;3;;;;;;
369;Харківська;Р-46;Харків – Охтирка;26+046;26+900;50.070429,35.8163459;50.0746879,35.8062194;854;5;;;;;;
370;Харківська;Р-46;Харків – Охтирка;35+500;36+200;50.0907148,35.6949427;50.0920422,35.6854128;700;3;;;;;;
371;Харківська;Р-46;Харків – Охтирка;39+550 ;40+350;50.1050771, 35.642872;50.1086417, 35.6332347;800;6;;;;;;
372;Харківська;Р-46;Харків – Охтирка;40+600 ;41+400;50.1100834, 35.6309342;50.1100104, 35.6199325;800;4;;;;;;
373;Харківська;Р-46;Харків – Охтирка;44+600;45+200;50.1228455, 35.5804191;50.1257247, 35.5733176;600;4;;;;;;
374;Харківська;Р-46;Харків – Охтирка;48+900 ;49+900;50.1468969, 35.5351017;50.1535316, 35.5256697;1000;3;;;;;;
375;Харківська;Р-51;Мерефа – Лозова – Павлоград;1+050;2+050;49.763846, 36.034801;49.7606467, 36.0477862;1000;5;;;;;;
376;Харківська;Р-51;Мерефа – Лозова – Павлоград;12+001;12+001;49.6978571,36.1229559;49.6978571,36.1229559;1;3;;;;;;
377;Харківська;Р-51;Мерефа – Лозова – Павлоград;25+001;26+001;49.5891287,36.1698467;49.5809532,36.1755772;1000;3;;;;;;
378;Харківська;Р-51;Мерефа – Лозова – Павлоград;34+350 ;35+100;49.5087358, 36.1555625;49.5023728, 36.1513739;750;3;;;;;;
379;Харківська;Р-51;Мерефа – Лозова – Павлоград;95+007;95+200;49.0201892,36.3187316;49.0185178,36.3175623;193;3;;;;;;
380;Харківська;Р-51;Мерефа – Лозова – Павлоград;107+900 ;108+300;48.9272744, 36.3091708;48.9238451, 36.3108556;400;;;;;;;
381;Харківська;Р-51;Мерефа – Лозова – Павлоград;108+300 ;108+970;48.9238451, 36.3108556;48.9182753, 36.3135384;670;3;;;;;;
382;Харківська;Р-78;Харків – Зміїв – Балаклія – Гороховатка;37+001 ;37+800;49.632644, 36.3773669;49.6286007, 36.3864601;799;3;;;;;;
383;Харківська;Р-78;Харків – Зміїв – Балаклія – Гороховатка;41+001;42+001;49.605619, 36.4119343;49.6024251, 36.4248575;1000;4;;;;;;
384;Харківська;Р-79;М-18/ – Сахновщина – Ізюм – Куп’янськ – контрольно-пропускний пункт “Піски”;110+000 ;110+001;49.0640243, 36.7350656 ;49.064021, 36.7350534;1;3;;;;;;
385;Харківська;Т-21-03;Харків – Золочів – контрольно-пропускний пункт «Олександрівка»1;0+000;0+800;50.0554117,36.1760558;50.0607279,36.1686506;800;10;;;;;;
386;Харківська;Т-21-03;Харків – Золочів – контрольно-пропускний пункт «Олександрівка»2;4+768 ;5+300;50.0911777, 36.1417073 ;50.0950872, 36.1370938;532;3;;;;;;
387;Харківська;Т-21-04;Харків – Вовчанськ – контрольно-пропускний пункт “Чугунівка”;27+500;28+100;50.0714523, 36.7028858;50.074875, 36.708935;600;3;;;;;;
388;Харківська;Т-21-04;Харків – Вовчанськ – контрольно-пропускний пункт “Чугунівка”;43+200 ;44+100;50.128245, 36.8312348;50.1355223, 36.837305;900;3;;;;;;
389;Харківська;Т-21-11; Чугуїв – Печеніги – Великий Бурлук;6+300 ;6+400;49.8854558, 36.7509286;49.8860594, 36.7519929;100;3;;;;;;
390;Харківська;Т-21-11; Чугуїв – Печеніги – Великий Бурлук;14+450 ;15+300;49.8624112, 36.8575128;49.8628423, 36.8691;850;3;;;;;;
391;Харківська;Т-21-17; Дергачі – Козача Лопань – /М-20/;2+500 ;3+100;50.1260289, 36.1292772;50.131568, 36.1288361;600;3;;;;;;
392;Хмельницька;М-30;Стрий – Умань – Дніпро – Ізварине (через мм. Вінницю, Кропивницький);219+401;220+001;49.4767886, 26.4964565;49.4729008, 26.5020316;600;3;;;;;;
393;Хмельницька;М-30;Стрий – Умань – Дніпро – Ізварине (через мм. Вінницю, Кропивницький);223+001;224+001 ;49.4573486, 26.5325448;49.4500418, 26.5405646;1000;3;;;;;;
394;Хмельницька;М-30;Стрий – Умань – Дніпро – Ізварине (через мм. Вінницю, Кропивницький);229+750;230+001;49.4224538, 26.5964695;49.4212203, 26.5993623;251;3;;;;;;
395;Хмельницька;М-30;Стрий – Умань – Дніпро – Ізварине (через мм. Вінницю, Кропивницький);233+401 ;234+001;49.4081219, 26.6398261;49.4036134, 26.6434433;600;4;;;;;;
396;Хмельницька;М-30;Стрий – Умань – Дніпро – Ізварине (через мм. Вінницю, Кропивницький);234+001;235+001;49.4036134, 26.6434433;49.4003865, 26.6548749;1000;3;;;;;;
397;Хмельницька;М-30;Стрий – Умань – Дніпро – Ізварине (через мм. Вінницю, Кропивницький);244+001;244+800;49.3930116, 26.7680529;49.391818, 26.7760576;799;4;;;;;;
398;Хмельницька;М-30;Стрий – Умань – Дніпро – Ізварине (через мм. Вінницю, Кропивницький);245+001;245+501;49.39331280, 26.7776132;49.3954175, 26.7829532;500;3;;;;;;
399;Хмельницька;М-30;Стрий – Умань – Дніпро – Ізварине (через мм. Вінницю, Кропивницький);247+150;248+010;49.3968953, 26.8027302;49.3982567, 26.8136818;860;4;;;;;;
400;Хмельницька;М-30;Стрий – Умань – Дніпро – Ізварине (через мм. Вінницю, Кропивницький);248+900 ;249+700;49.4003328, 26.8253266;49.4015219, 26.8363711;800;4;;;;;;
401;Хмельницька;М-30;Стрий – Умань – Дніпро – Ізварине (через мм. Вінницю, Кропивницький);266+200 ;266+250;49.3626133, 27.0283645;49.362658, 27.0287929;50;3;;;;;;
402;Хмельницька;М-30;Стрий – Умань – Дніпро – Ізварине (через мм. Вінницю, Кропивницький);293+500 ;294+150;49.3872584, 27.3378374;49.3863723, 27.3465506;650;3;;;;;;
403;Хмельницька;Н-03;Житомир - Чернівці;131+164;131+785;49.7704851, 27.295528;49.7716986, 27.287441;621;3;;;;;;
404;Хмельницька;Н-03;Житомир - Чернівці;159+100;160+100;49.6004851, 27.0957562;49.5924965, 27.1026421;1000;3;;;;;;
405;Хмельницька;Н-03;Житомир - Чернівці;196+001;197+001;49.3292424, 26.9564133;49.3212607, 26.950312;1000;3;;;;;;
406;Хмельницька;Н-03;Житомир - Чернівці;217+001 ;217+900;49.160412, 26.8548998;49.1526548, 26.8575279;899;3;;;;;;
407;Хмельницька;Н-03;Житомир - Чернівці;224+500 ;225+500;49.1009004, 26.8982923;49.0938679, 26.9050141;1000;3;;;;;;
408;Хмельницька;Н-03;Житомир - Чернівці;233+750;234+959;49.0183104, 26.8837979;49.0247582, 26.8890739;845;4;;;;;;
409;Хмельницька;Н-03;Житомир - Чернівці;276+100 ;277+100;48.7414639, 26.6146328;48.7336036, 26.6078514;1000;3;;;;;;
410;Хмельницька;Н-25;Городище –– Рівне ––Старокостянтинів;225+043 ;226+029;50.3355206, 26.7941595;50.3325665, 26.8071622;986;3;;;;;;
411;Черкаська;Н-01;Київ – Знам’янка;211+200 ;212+000;49.18395543, 31.9554852;49.18131168, 31.96543327;800;5;;;;;;
412;Черкаська;Н-16;Золотоноша – Черкаси – Сміла – Умань;192+300;193+300;48.80398964, 30.5618041;48.79880566 30.55187687 ;1000;6;;;;;;
413;Черкаська;Н-16;Золотоноша – Черкаси – Сміла – Умань;206+500 ;207+079;48.771402,30.3859585;48.7643126,30.3737481;579;3;;;;;;
414;Черкаська;Н-16;Золотоноша – Черкаси – Сміла – Умань;212+520;213+500;48.7406939, 30.32267597;48.73576875, 30.312120569;980;3;;;;;;
415;Черкаська;Р-10;/Р-09/ – Черкаси – Чигирин – Кременчук;2+500 ;3+300;49.6851138,31.365791;49.6799034,31.3735442;800;3;;;;;;
416;Чернігівська;М-01 ;Київ – Чернігів – Нові Яриловичі ;163+000 ;163+800;51.5680205, 31.2480097;51.5748400, 31.2442773;800;5;;;;;;
417;Чернігівська;М-01-02 ;Південний під'їзд до м. Чернігів;1+735;2+627;51.3729493,31.2888727;51.3807221,31.2920266;892;3;;;;;;
418;Чернігівська;М-02 ;Кіпті – Глухів – Бачівськ;60+000 ;60+520;51.1568408,32.0036656;51.1581577,32.0108541;520;4;;;;;;
419;Чернігівська;М-02 ;Кіпті – Глухів – Бачівськ;114+830 ;115+530;51.2893377,32.7578162;51.2919236,32.7669633;700;5;;;;;;
420;Чернігівська;Н-27;Чернігів – Мена – Сосниця – Грем’яч;13+192;14+100;51.5455145,31.460049;51.5464282,31.4728508;908;3;;;;;;
